docs/accessinformationcenter/11.6/index.md,docs/accessinformationcenter/11.6/index.md
docs/accessinformationcenter/11.6/access/informationcenter/home.md,docs/accessinformationcenter/11.6/getting-started/overview.md
docs/accessinformationcenter/11.6/access/informationcenter/admin/gettingstarted.md,docs/accessinformationcenter/11.6/getting-started/overview.md
docs/accessinformationcenter/11.6/access/informationcenter/admin/overview.md,docs/accessinformationcenter/11.6/administration/overview.md
docs/accessinformationcenter/11.6/access/informationcenter/admin/firstlaunch.md,docs/accessinformationcenter/11.6/getting-started/first-launch.md
docs/accessinformationcenter/11.6/access/informationcenter/admin/userlanding.md,docs/accessinformationcenter/11.6/getting-started/user-landing.md
docs/accessinformationcenter/11.6/access/informationcenter/admin/login.md,docs/accessinformationcenter/11.6/getting-started/overview.md
docs/accessinformationcenter/11.6/access/informationcenter/admin/navigate.md,docs/accessinformationcenter/11.6/administration/navigation.md
docs/accessinformationcenter/11.6/access/informationcenter/installation/overview.md,docs/accessinformationcenter/11.6/installation/overview.md
docs/accessinformationcenter/11.6/access/informationcenter/installation/install.md,docs/accessinformationcenter/11.6/installation/install.md
docs/accessinformationcenter/11.6/access/informationcenter/installation/secure.md,docs/accessinformationcenter/11.6/installation/secure.md
docs/accessinformationcenter/11.6/access/informationcenter/installation/upgrade.md,docs/accessinformationcenter/11.6/installation/upgrade.md
docs/accessinformationcenter/11.6/access/informationcenter/admin/configuration/overview.md,docs/accessinformationcenter/11.6/administration/configuration/overview.md
docs/accessinformationcenter/11.6/access/informationcenter/admin/configuration/activedirectory.md,docs/accessinformationcenter/11.6/administration/configuration/active-directory.md
docs/accessinformationcenter/11.6/access/informationcenter/admin/configuration/database.md,docs/accessinformationcenter/11.6/administration/configuration/database.md
docs/accessinformationcenter/11.6/access/informationcenter/admin/configuration/consoleaccess.md,docs/accessinformationcenter/11.6/administration/configuration/console-access.md
docs/accessinformationcenter/11.6/access/informationcenter/admin/configuration/notifications.md,docs/accessinformationcenter/11.6/administration/configuration/notifications.md
docs/accessinformationcenter/11.6/access/informationcenter/admin/configuration/license.md,docs/accessinformationcenter/11.6/administration/configuration/license.md
docs/accessinformationcenter/11.6/access/informationcenter/admin/configuration/diagnostics.md,docs/accessinformationcenter/11.6/administration/configuration/diagnostics.md
docs/accessinformationcenter/11.6/access/informationcenter/admin/additionalconfig/overview.md,docs/accessinformationcenter/11.6/administration/configuration/overview.md
docs/accessinformationcenter/11.6/access/informationcenter/admin/additionalconfig/entraidsso.md,docs/accessinformationcenter/11.6/administration/configuration/entra-id-sso.md
docs/accessinformationcenter/11.6/access/informationcenter/admin/additionalconfig/gmsa.md,docs/accessinformationcenter/11.6/administration/configuration/gmsa.md
docs/accessinformationcenter/11.6/access/informationcenter/admin/additionalconfig/timeoutparameter.md,docs/accessinformationcenter/11.6/administration/configuration/timeout-parameters.md
docs/accessinformationcenter/11.6/access/informationcenter/admin/additionalconfig/aliasserver.md,docs/accessinformationcenter/11.6/administration/configuration/alias-server.md
docs/accessinformationcenter/11.6/access/informationcenter/admin/additionalconfig/emailtemplates.md,docs/accessinformationcenter/11.6/administration/configuration/email-templates.md
docs/accessinformationcenter/11.6/access/informationcenter/admin/additionalconfig/recommendations.md,docs/accessinformationcenter/11.6/administration/configuration/recommendations.md
docs/accessinformationcenter/11.6/access/informationcenter/admin/additionalconfig/commitchanges.md,docs/accessinformationcenter/11.6/resource-audit/change-modeling/commit-changes.md
docs/accessinformationcenter/11.6/access/informationcenter/admin/troubleshooting/overview.md,docs/accessinformationcenter/11.6/administration/troubleshooting/overview.md
docs/accessinformationcenter/11.6/access/informationcenter/admin/troubleshooting/credentialpasswords.md,docs/accessinformationcenter/11.6/administration/troubleshooting/credential-passwords.md
docs/accessinformationcenter/11.6/access/informationcenter/admin/troubleshooting/delegation.md,docs/accessinformationcenter/11.6/administration/troubleshooting/delegation.md
docs/accessinformationcenter/11.6/access/informationcenter/admin/troubleshooting/loglevel.md,docs/accessinformationcenter/11.6/administration/troubleshooting/log-level.md
docs/accessinformationcenter/11.6/access/general/datagrid.md,docs/accessinformationcenter/11.6/reference/data-grid.md
docs/accessinformationcenter/11.6/access/general/editnotes.md,docs/accessinformationcenter/11.6/reference/edit-notes.md
docs/accessinformationcenter/11.6/access/general/groupmembership.md,docs/accessinformationcenter/11.6/reference/group-membership.md
docs/accessinformationcenter/11.6/access/general/removechanges.md,docs/accessinformationcenter/11.6/reference/remove-changes.md
docs/accessinformationcenter/11.6/access/informationcenter/accessrequests/overview.md,docs/accessinformationcenter/11.6/access-management/access-requests/overview.md
docs/accessinformationcenter/11.6/access/informationcenter/accessrequests/interface.md,docs/accessinformationcenter/11.6/access-management/access-requests/overview.md
docs/accessinformationcenter/11.6/access/informationcenter/accessrequests/wizard/requestaccess.md,docs/accessinformationcenter/11.6/access-management/access-requests/request-access.md
docs/accessinformationcenter/11.6/access/informationcenter/accessrequests/wizard/cancel.md,docs/accessinformationcenter/11.6/access-management/access-requests/request-access.md
docs/accessinformationcenter/11.6/access/informationcenter/accessrequests/window/selectaccess.md,docs/accessinformationcenter/11.6/access-management/access-requests/request-access.md
docs/accessinformationcenter/11.6/access/informationcenter/accessrequests/window/cancelrequest.md,docs/accessinformationcenter/11.6/access-management/access-requests/manage-requests.md
docs/accessinformationcenter/11.6/access/informationcenter/accessrequests/window/changes.md,docs/accessinformationcenter/11.6/access-management/access-requests/manage-requests.md
docs/accessinformationcenter/11.6/access/informationcenter/accessrequests/window/declineaccess.md,docs/accessinformationcenter/11.6/access-management/access-requests/manage-requests.md
docs/accessinformationcenter/11.6/access/informationcenter/accessrequests/window/removeaccess.md,docs/accessinformationcenter/11.6/access-management/access-requests/manage-requests.md
docs/accessinformationcenter/11.6/access/informationcenter/accessrequests/owners/overview.md,docs/accessinformationcenter/11.6/access-management/access-requests/overview.md
docs/accessinformationcenter/11.6/access/informationcenter/accessrequests/owners/pendingrequests.md,docs/accessinformationcenter/11.6/access-management/access-requests/pending-requests.md
docs/accessinformationcenter/11.6/access/informationcenter/accessrequests/owners/requesthistory.md,docs/accessinformationcenter/11.6/access-management/access-requests/request-history.md
docs/accessinformationcenter/11.6/access/informationcenter/accessrequests/youraccessportal/overview.md,docs/accessinformationcenter/11.6/access-management/access-requests/overview.md
docs/accessinformationcenter/11.6/access/informationcenter/accessrequests/youraccessportal/requesthistory.md,docs/accessinformationcenter/11.6/access-management/access-requests/request-history.md
docs/accessinformationcenter/11.6/access/informationcenter/accessrequests/email/request.md,docs/accessinformationcenter/11.6/access-management/access-requests/email-notifications.md
docs/accessinformationcenter/11.6/access/informationcenter/accessrequests/email/updated.md,docs/accessinformationcenter/11.6/access-management/access-requests/email-notifications.md
docs/accessinformationcenter/11.6/access/informationcenter/accessrequests/email/expiration.md,docs/accessinformationcenter/11.6/access-management/access-requests/email-notifications.md
docs/accessinformationcenter/11.6/access/informationcenter/accessrequests/email/reminder.md,docs/accessinformationcenter/11.6/access-management/access-requests/email-notifications.md
docs/accessinformationcenter/11.6/access/informationcenter/resourceowners/overview.md,docs/accessinformationcenter/11.6/access-management/resource-owners/overview.md
docs/accessinformationcenter/11.6/access/informationcenter/resourceowners/owneroverview.md,docs/accessinformationcenter/11.6/access-management/resource-owners/overview.md
docs/accessinformationcenter/11.6/access/informationcenter/resourceowners/interface.md,docs/accessinformationcenter/11.6/access-management/resource-owners/overview.md
docs/accessinformationcenter/11.6/access/informationcenter/resourceowners/ownerportal/overview.md,docs/accessinformationcenter/11.6/access-management/resource-owners/owner-portal.md
docs/accessinformationcenter/11.6/access/informationcenter/resourceowners/ownerportal/actionspanel.md,docs/accessinformationcenter/11.6/access-management/resource-owners/owner-portal.md
docs/accessinformationcenter/11.6/access/informationcenter/resourceowners/ownerportal/assignedresources.md,docs/accessinformationcenter/11.6/access-management/resource-owners/owner-portal.md
docs/accessinformationcenter/11.6/access/informationcenter/resourceowners/ownerportal/changeaccess.md,docs/accessinformationcenter/11.6/access-management/resource-owners/owner-portal.md
docs/accessinformationcenter/11.6/access/informationcenter/resourceowners/wizard/add.md,docs/accessinformationcenter/11.6/access-management/resource-owners/manage-owners.md
docs/accessinformationcenter/11.6/access/informationcenter/resourceowners/wizard/confirm.md,docs/accessinformationcenter/11.6/access-management/resource-owners/manage-owners.md
docs/accessinformationcenter/11.6/access/informationcenter/resourceowners/wizard/import.md,docs/accessinformationcenter/11.6/access-management/resource-owners/manage-owners.md
docs/accessinformationcenter/11.6/access/informationcenter/resourceowners/wizard/update.md,docs/accessinformationcenter/11.6/access-management/resource-owners/manage-owners.md
docs/accessinformationcenter/11.6/access/informationcenter/resourceowners/window/addowner.md,docs/accessinformationcenter/11.6/access-management/resource-owners/manage-owners.md
docs/accessinformationcenter/11.6/access/informationcenter/resourceowners/window/confirmremoval.md,docs/accessinformationcenter/11.6/access-management/resource-owners/manage-owners.md
docs/accessinformationcenter/11.6/access/informationcenter/resourceowners/window/selectgroup.md,docs/accessinformationcenter/11.6/access-management/resource-owners/manage-owners.md
docs/accessinformationcenter/11.6/access/informationcenter/resourceowners/accessgroups.md,docs/accessinformationcenter/11.6/access-management/resource-owners/access-groups.md
docs/accessinformationcenter/11.6/access/informationcenter/resourceowners/confirmation.md,docs/accessinformationcenter/11.6/access-management/resource-owners/manage-owners.md
docs/accessinformationcenter/11.6/access/informationcenter/resourceowners/email/confirmationrequest.md,docs/accessinformationcenter/11.6/access-management/resource-owners/email-notifications.md
docs/accessinformationcenter/11.6/access/informationcenter/resourcereviews/overview.md,docs/accessinformationcenter/11.6/access-management/resource-reviews/overview.md
docs/accessinformationcenter/11.6/access/informationcenter/resourcereviews/interface.md,docs/accessinformationcenter/11.6/access-management/resource-reviews/overview.md
docs/accessinformationcenter/11.6/access/informationcenter/resourcereviews/prerequisites.md,docs/accessinformationcenter/11.6/access-management/resource-reviews/prerequisites.md
docs/accessinformationcenter/11.6/access/informationcenter/resourcereviews/approvalprocess.md,docs/accessinformationcenter/11.6/access-management/resource-reviews/approval-process.md
docs/accessinformationcenter/11.6/access/informationcenter/resourcereviews/wizard/create.md,docs/accessinformationcenter/11.6/access-management/resource-reviews/create-review.md
docs/accessinformationcenter/11.6/access/informationcenter/resourcereviews/wizard/edit.md,docs/accessinformationcenter/11.6/access-management/resource-reviews/create-review.md
docs/accessinformationcenter/11.6/access/informationcenter/resourcereviews/pendingreviews.md,docs/accessinformationcenter/11.6/access-management/resource-reviews/manage-reviews.md
docs/accessinformationcenter/11.6/access/informationcenter/resourcereviews/reviewinstances.md,docs/accessinformationcenter/11.6/access-management/resource-reviews/manage-reviews.md
docs/accessinformationcenter/11.6/access/informationcenter/resourcereviews/window/deletereview.md,docs/accessinformationcenter/11.6/access-management/resource-reviews/manage-reviews.md
docs/accessinformationcenter/11.6/access/informationcenter/resourcereviews/window/renamereview.md,docs/accessinformationcenter/11.6/access-management/resource-reviews/manage-reviews.md
docs/accessinformationcenter/11.6/access/informationcenter/resourcereviews/window/sendreminders.md,docs/accessinformationcenter/11.6/access-management/resource-reviews/manage-reviews.md
docs/accessinformationcenter/11.6/access/informationcenter/resourcereviews/window/stopreview.md,docs/accessinformationcenter/11.6/access-management/resource-reviews/manage-reviews.md
docs/accessinformationcenter/11.6/access/informationcenter/resourcereviews/window/viewresponses.md,docs/accessinformationcenter/11.6/access-management/resource-reviews/manage-reviews.md
docs/accessinformationcenter/11.6/access/informationcenter/resourcereviews/window/criteriamatches.md,docs/accessinformationcenter/11.6/access-management/resource-reviews/manage-reviews.md
docs/accessinformationcenter/11.6/access/informationcenter/resourcereviews/window/missingitems.md,docs/accessinformationcenter/11.6/access-management/resource-reviews/manage-reviews.md
docs/accessinformationcenter/11.6/access/informationcenter/resourcereviews/window/selectedresources.md,docs/accessinformationcenter/11.6/access-management/resource-reviews/manage-reviews.md
docs/accessinformationcenter/11.6/access/informationcenter/resourcereviews/reviewhistory.md,docs/accessinformationcenter/11.6/access-management/resource-reviews/review-history.md
docs/accessinformationcenter/11.6/access/informationcenter/resourcereviews/review/access.md,docs/accessinformationcenter/11.6/access-management/resource-reviews/manage-reviews.md
docs/accessinformationcenter/11.6/access/informationcenter/resourcereviews/review/membership.md,docs/accessinformationcenter/11.6/access-management/resource-reviews/manage-reviews.md
docs/accessinformationcenter/11.6/access/informationcenter/resourcereviews/review/permissions.md,docs/accessinformationcenter/11.6/access-management/resource-reviews/manage-reviews.md
docs/accessinformationcenter/11.6/access/informationcenter/resourcereviews/review/sensitivedata.md,docs/accessinformationcenter/11.6/access-management/resource-reviews/manage-reviews.md
docs/accessinformationcenter/11.6/access/informationcenter/resourcereviews/email/resourcereviewed.md,docs/accessinformationcenter/11.6/access-management/resource-reviews/email-notifications.md
docs/accessinformationcenter/11.6/access/informationcenter/resourceaudit/overview.md,docs/accessinformationcenter/11.6/resource-audit/overview.md
docs/accessinformationcenter/11.6/access/informationcenter/resourceaudit/navigate/overview.md,docs/accessinformationcenter/11.6/resource-audit/navigation/overview.md
docs/accessinformationcenter/11.6/access/informationcenter/resourceaudit/navigate/search.md,docs/accessinformationcenter/11.6/resource-audit/navigation/search.md
docs/accessinformationcenter/11.6/access/informationcenter/resourceaudit/navigate/icons.md,docs/accessinformationcenter/11.6/resource-audit/navigation/icons.md
docs/accessinformationcenter/11.6/access/informationcenter/resourceaudit/navigate/scopeeffectiveaccess.md,docs/accessinformationcenter/11.6/resource-audit/navigation/effective-access.md
docs/accessinformationcenter/11.6/access/informationcenter/resourceaudit/navigate/user.md,docs/accessinformationcenter/11.6/resource-audit/principals/users.md
docs/accessinformationcenter/11.6/access/informationcenter/resourceaudit/navigate/group.md,docs/accessinformationcenter/11.6/resource-audit/principals/groups.md
docs/accessinformationcenter/11.6/access/informationcenter/resourceaudit/navigate/computer.md,docs/accessinformationcenter/11.6/resource-audit/principals/computers.md
docs/accessinformationcenter/11.6/access/informationcenter/resourceaudit/navigate/resource.md,docs/accessinformationcenter/11.6/resource-audit/navigation/overview.md
docs/accessinformationcenter/11.6/access/informationcenter/resourceaudit/navigate/sensitivecontent.md,docs/accessinformationcenter/11.6/resource-audit/sensitive-content/overview.md
docs/accessinformationcenter/11.6/access/informationcenter/resourceaudit/user/overview.md,docs/accessinformationcenter/11.6/resource-audit/principals/users.md
docs/accessinformationcenter/11.6/access/informationcenter/resourceaudit/user/activitydetails.md,docs/accessinformationcenter/11.6/resource-audit/principals/users.md
docs/accessinformationcenter/11.6/access/informationcenter/resourceaudit/user/activitystatistics.md,docs/accessinformationcenter/11.6/resource-audit/principals/users.md
docs/accessinformationcenter/11.6/access/informationcenter/resourceaudit/user/attributechanges.md,docs/accessinformationcenter/11.6/resource-audit/principals/users.md
docs/accessinformationcenter/11.6/access/informationcenter/resourceaudit/user/effectiveaccess.md,docs/accessinformationcenter/11.6/resource-audit/principals/users.md
docs/accessinformationcenter/11.6/access/informationcenter/resourceaudit/user/memberof.md,docs/accessinformationcenter/11.6/resource-audit/principals/users.md
docs/accessinformationcenter/11.6/access/informationcenter/resourceaudit/user/objectpermissions.md,docs/accessinformationcenter/11.6/resource-audit/principals/users.md
docs/accessinformationcenter/11.6/access/informationcenter/resourceaudit/user/permissions.md,docs/accessinformationcenter/11.6/resource-audit/principals/users.md
docs/accessinformationcenter/11.6/access/informationcenter/resourceaudit/user/quickreference.md,docs/accessinformationcenter/11.6/resource-audit/principals/users.md
docs/accessinformationcenter/11.6/access/informationcenter/resourceaudit/user/entraid/activitydetails.md,docs/accessinformationcenter/11.6/resource-audit/principals/entra-id.md
docs/accessinformationcenter/11.6/access/informationcenter/resourceaudit/user/entraid/effectiveaccess.md,docs/accessinformationcenter/11.6/resource-audit/principals/entra-id.md
docs/accessinformationcenter/11.6/access/informationcenter/resourceaudit/user/entraid/memberof.md,docs/accessinformationcenter/11.6/resource-audit/principals/entra-id.md
docs/accessinformationcenter/11.6/access/informationcenter/resourceaudit/user/entraid/permissions.md,docs/accessinformationcenter/11.6/resource-audit/principals/entra-id.md
docs/accessinformationcenter/11.6/access/informationcenter/resourceaudit/group/overview.md,docs/accessinformationcenter/11.6/resource-audit/principals/groups.md
docs/accessinformationcenter/11.6/access/informationcenter/resourceaudit/group/attributechanges.md,docs/accessinformationcenter/11.6/resource-audit/principals/groups.md
docs/accessinformationcenter/11.6/access/informationcenter/resourceaudit/group/effectiveaccess.md,docs/accessinformationcenter/11.6/resource-audit/principals/groups.md
docs/accessinformationcenter/11.6/access/informationcenter/resourceaudit/group/memberchanges.md,docs/accessinformationcenter/11.6/resource-audit/principals/groups.md
docs/accessinformationcenter/11.6/access/informationcenter/resourceaudit/group/memberof.md,docs/accessinformationcenter/11.6/resource-audit/principals/groups.md
docs/accessinformationcenter/11.6/access/informationcenter/resourceaudit/group/members.md,docs/accessinformationcenter/11.6/resource-audit/principals/groups.md
docs/accessinformationcenter/11.6/access/informationcenter/resourceaudit/group/membersbuiltin.md,docs/accessinformationcenter/11.6/resource-audit/principals/groups.md
docs/accessinformationcenter/11.6/access/informationcenter/resourceaudit/group/objectpermissions.md,docs/accessinformationcenter/11.6/resource-audit/principals/groups.md
docs/accessinformationcenter/11.6/access/informationcenter/resourceaudit/group/permissions.md,docs/accessinformationcenter/11.6/resource-audit/principals/groups.md
docs/accessinformationcenter/11.6/access/informationcenter/resourceaudit/group/quickreference.md,docs/accessinformationcenter/11.6/resource-audit/principals/groups.md
docs/accessinformationcenter/11.6/access/informationcenter/resourceaudit/group/entraid/effectiveaccess.md,docs/accessinformationcenter/11.6/resource-audit/principals/entra-id.md
docs/accessinformationcenter/11.6/access/informationcenter/resourceaudit/group/entraid/memberof.md,docs/accessinformationcenter/11.6/resource-audit/principals/entra-id.md
docs/accessinformationcenter/11.6/access/informationcenter/resourceaudit/group/entraid/members.md,docs/accessinformationcenter/11.6/resource-audit/principals/entra-id.md
docs/accessinformationcenter/11.6/access/informationcenter/resourceaudit/group/entraid/permissions.md,docs/accessinformationcenter/11.6/resource-audit/principals/entra-id.md
docs/accessinformationcenter/11.6/access/informationcenter/resourceaudit/computer/overview.md,docs/accessinformationcenter/11.6/resource-audit/principals/computers.md
docs/accessinformationcenter/11.6/access/informationcenter/resourceaudit/computer/activitydetails.md,docs/accessinformationcenter/11.6/resource-audit/principals/computers.md
docs/accessinformationcenter/11.6/access/informationcenter/resourceaudit/computer/activitystatistics.md,docs/accessinformationcenter/11.6/resource-audit/principals/computers.md
docs/accessinformationcenter/11.6/access/informationcenter/resourceaudit/computer/attributechanges.md,docs/accessinformationcenter/11.6/resource-audit/principals/computers.md
docs/accessinformationcenter/11.6/access/informationcenter/resourceaudit/computer/effectiveaccess.md,docs/accessinformationcenter/11.6/resource-audit/principals/computers.md
docs/accessinformationcenter/11.6/access/informationcenter/resourceaudit/computer/memberof.md,docs/accessinformationcenter/11.6/resource-audit/principals/computers.md
docs/accessinformationcenter/11.6/access/informationcenter/resourceaudit/computer/objectpermissions.md,docs/accessinformationcenter/11.6/resource-audit/principals/computers.md
docs/accessinformationcenter/11.6/access/informationcenter/resourceaudit/computer/permissions.md,docs/accessinformationcenter/11.6/resource-audit/principals/computers.md
docs/accessinformationcenter/11.6/access/informationcenter/resourceaudit/computer/quickreference.md,docs/accessinformationcenter/11.6/resource-audit/principals/computers.md
docs/accessinformationcenter/11.6/access/informationcenter/resourceaudit/activedirectory/overview.md,docs/accessinformationcenter/11.6/resource-audit/active-directory/overview.md
docs/accessinformationcenter/11.6/access/informationcenter/resourceaudit/activedirectory/domainsummary.md,docs/accessinformationcenter/11.6/resource-audit/active-directory/domain-audit.md
docs/accessinformationcenter/11.6/access/informationcenter/resourceaudit/activedirectory/domain/overview.md,docs/accessinformationcenter/11.6/resource-audit/active-directory/domain-audit.md
docs/accessinformationcenter/11.6/access/informationcenter/resourceaudit/activedirectory/domain/exceptions.md,docs/accessinformationcenter/11.6/resource-audit/active-directory/exceptions.md
docs/accessinformationcenter/11.6/access/informationcenter/resourceaudit/activedirectory/domain/membershipchanges.md,docs/accessinformationcenter/11.6/resource-audit/active-directory/domain-audit.md
docs/accessinformationcenter/11.6/access/informationcenter/resourceaudit/activedirectory/domain/principalattributechanges.md,docs/accessinformationcenter/11.6/resource-audit/active-directory/domain-audit.md
docs/accessinformationcenter/11.6/access/informationcenter/resourceaudit/activedirectory/domainobject/overview.md,docs/accessinformationcenter/11.6/resource-audit/active-directory/domain-audit.md
docs/accessinformationcenter/11.6/access/informationcenter/resourceaudit/activedirectory/domainobject/access.md,docs/accessinformationcenter/11.6/resource-audit/active-directory/domain-audit.md
docs/accessinformationcenter/11.6/access/informationcenter/resourceaudit/activedirectory/domainobject/permissions.md,docs/accessinformationcenter/11.6/resource-audit/active-directory/domain-audit.md
docs/accessinformationcenter/11.6/access/informationcenter/resourceaudit/activedirectory/exceptions.md,docs/accessinformationcenter/11.6/resource-audit/active-directory/exceptions.md
docs/accessinformationcenter/11.6/access/informationcenter/resourceaudit/activedirectory/exceptions/overview.md,docs/accessinformationcenter/11.6/resource-audit/active-directory/exceptions.md
docs/accessinformationcenter/11.6/access/informationcenter/resourceaudit/activedirectory/exceptions/exceptions.md,docs/accessinformationcenter/11.6/resource-audit/active-directory/exceptions.md
docs/accessinformationcenter/11.6/access/informationcenter/resourceaudit/activedirectory/exceptions/exceptionsbytype.md,docs/accessinformationcenter/11.6/resource-audit/active-directory/exceptions.md
docs/accessinformationcenter/11.6/access/informationcenter/resourceaudit/activedirectory/quickreference.md,docs/accessinformationcenter/11.6/resource-audit/active-directory/quick-reference.md
docs/accessinformationcenter/11.6/access/informationcenter/resourceaudit/filesystem/overview.md,docs/accessinformationcenter/11.6/resource-audit/file-systems/overview.md
docs/accessinformationcenter/11.6/access/informationcenter/resourceaudit/filesystem/serversummary.md,docs/accessinformationcenter/11.6/resource-audit/file-systems/windows-shares.md
docs/accessinformationcenter/11.6/access/informationcenter/resourceaudit/filesystem/activitysummary.md,docs/accessinformationcenter/11.6/resource-audit/file-systems/windows-shares.md
docs/accessinformationcenter/11.6/access/informationcenter/resourceaudit/filesystem/adminshares/overview.md,docs/accessinformationcenter/11.6/resource-audit/file-systems/windows-shares.md
docs/accessinformationcenter/11.6/access/informationcenter/resourceaudit/filesystem/adminshares/scansummary.md,docs/accessinformationcenter/11.6/resource-audit/file-systems/windows-shares.md
docs/accessinformationcenter/11.6/access/informationcenter/resourceaudit/filesystem/sharedfolders/overview.md,docs/accessinformationcenter/11.6/resource-audit/file-systems/windows-shares.md
docs/accessinformationcenter/11.6/access/informationcenter/resourceaudit/filesystem/sharedfolders/scansummary.md,docs/accessinformationcenter/11.6/resource-audit/file-systems/windows-shares.md
docs/accessinformationcenter/11.6/access/informationcenter/resourceaudit/filesystem/sharesubfolder/overview.md,docs/accessinformationcenter/11.6/resource-audit/file-systems/windows-shares.md
docs/accessinformationcenter/11.6/access/informationcenter/resourceaudit/filesystem/sharesubfolder/activitydetails.md,docs/accessinformationcenter/11.6/resource-audit/file-systems/windows-shares.md
docs/accessinformationcenter/11.6/access/informationcenter/resourceaudit/filesystem/sharesubfolder/activitystatistics.md,docs/accessinformationcenter/11.6/resource-audit/file-systems/windows-shares.md
docs/accessinformationcenter/11.6/access/informationcenter/resourceaudit/filesystem/sharesubfolder/effectiveaccess.md,docs/accessinformationcenter/11.6/resource-audit/file-systems/windows-shares.md
docs/accessinformationcenter/11.6/access/informationcenter/resourceaudit/filesystem/sharesubfolder/exceptions.md,docs/accessinformationcenter/11.6/resource-audit/file-systems/exceptions.md
docs/accessinformationcenter/11.6/access/informationcenter/resourceaudit/filesystem/sharesubfolder/permissions.md,docs/accessinformationcenter/11.6/resource-audit/file-systems/windows-shares.md
docs/accessinformationcenter/11.6/access/informationcenter/resourceaudit/filesystem/sharesubfolder/sensitivecontent.md,docs/accessinformationcenter/11.6/resource-audit/file-systems/windows-shares.md
docs/accessinformationcenter/11.6/access/informationcenter/resourceaudit/filesystem/server/overview.md,docs/accessinformationcenter/11.6/resource-audit/file-systems/windows-shares.md
docs/accessinformationcenter/11.6/access/informationcenter/resourceaudit/filesystem/server/activitydetails.md,docs/accessinformationcenter/11.6/resource-audit/file-systems/windows-shares.md
docs/accessinformationcenter/11.6/access/informationcenter/resourceaudit/filesystem/server/activitystatistics.md,docs/accessinformationcenter/11.6/resource-audit/file-systems/windows-shares.md
docs/accessinformationcenter/11.6/access/informationcenter/resourceaudit/filesystem/server/exceptions.md,docs/accessinformationcenter/11.6/resource-audit/file-systems/exceptions.md
docs/accessinformationcenter/11.6/access/informationcenter/resourceaudit/filesystem/server/scansummary.md,docs/accessinformationcenter/11.6/resource-audit/file-systems/windows-shares.md
docs/accessinformationcenter/11.6/access/informationcenter/resourceaudit/filesystem/server/sensitivecontentdetails.md,docs/accessinformationcenter/11.6/resource-audit/file-systems/windows-shares.md
docs/accessinformationcenter/11.6/access/informationcenter/resourceaudit/filesystem/server/sensitivecontentsummary.md,docs/accessinformationcenter/11.6/resource-audit/file-systems/windows-shares.md
docs/accessinformationcenter/11.6/access/informationcenter/resourceaudit/filesystem/server/shareactivitysummary.md,docs/accessinformationcenter/11.6/resource-audit/file-systems/windows-shares.md
docs/accessinformationcenter/11.6/access/informationcenter/resourceaudit/filesystem/nfsexports/overview.md,docs/accessinformationcenter/11.6/resource-audit/file-systems/nfs-exports.md
docs/accessinformationcenter/11.6/access/informationcenter/resourceaudit/filesystem/nfsexports/activitydetails.md,docs/accessinformationcenter/11.6/resource-audit/file-systems/nfs-exports.md
docs/accessinformationcenter/11.6/access/informationcenter/resourceaudit/filesystem/nfsexports/activitystatistics.md,docs/accessinformationcenter/11.6/resource-audit/file-systems/nfs-exports.md
docs/accessinformationcenter/11.6/access/informationcenter/resourceaudit/filesystem/nfsexports/permissions.md,docs/accessinformationcenter/11.6/resource-audit/file-systems/nfs-exports.md
docs/accessinformationcenter/11.6/access/informationcenter/resourceaudit/filesystem/nfsexports/scansummary.md,docs/accessinformationcenter/11.6/resource-audit/file-systems/nfs-exports.md
docs/accessinformationcenter/11.6/access/informationcenter/resourceaudit/filesystem/nfsexports/sensitivecontent.md,docs/accessinformationcenter/11.6/resource-audit/file-systems/nfs-exports.md
docs/accessinformationcenter/11.6/access/informationcenter/resourceaudit/filesystem/localpolicies/overview.md,docs/accessinformationcenter/11.6/resource-audit/file-systems/local-policies.md
docs/accessinformationcenter/11.6/access/informationcenter/resourceaudit/filesystem/localpolicies/effectivepolicy.md,docs/accessinformationcenter/11.6/resource-audit/file-systems/local-policies.md
docs/accessinformationcenter/11.6/access/informationcenter/resourceaudit/filesystem/localpolicies/policy.md,docs/accessinformationcenter/11.6/resource-audit/file-systems/local-policies.md
docs/accessinformationcenter/11.6/access/informationcenter/resourceaudit/filesystem/exceptions.md,docs/accessinformationcenter/11.6/resource-audit/file-systems/exceptions.md
docs/accessinformationcenter/11.6/access/informationcenter/resourceaudit/filesystem/exceptions/overview.md,docs/accessinformationcenter/11.6/resource-audit/file-systems/exceptions.md
docs/accessinformationcenter/11.6/access/informationcenter/resourceaudit/filesystem/exceptions/exceptions.md,docs/accessinformationcenter/11.6/resource-audit/file-systems/exceptions.md
docs/accessinformationcenter/11.6/access/informationcenter/resourceaudit/filesystem/exceptions/exceptionsbytype.md,docs/accessinformationcenter/11.6/resource-audit/file-systems/exceptions.md
docs/accessinformationcenter/11.6/access/informationcenter/resourceaudit/filesystem/sensitivecontentsummary.md,docs/accessinformationcenter/11.6/resource-audit/file-systems/windows-shares.md
docs/accessinformationcenter/11.6/access/informationcenter/resourceaudit/filesystem/quickreference.md,docs/accessinformationcenter/11.6/resource-audit/file-systems/quick-reference.md
docs/accessinformationcenter/11.6/access/informationcenter/resourceaudit/sharepoint/overview.md,docs/accessinformationcenter/11.6/resource-audit/sharepoint/overview.md
docs/accessinformationcenter/11.6/access/informationcenter/resourceaudit/sharepoint/serversummary.md,docs/accessinformationcenter/11.6/resource-audit/sharepoint/overview.md
docs/accessinformationcenter/11.6/access/informationcenter/resourceaudit/sharepoint/sensitivecontentsummary.md,docs/accessinformationcenter/11.6/resource-audit/sharepoint/overview.md
docs/accessinformationcenter/11.6/access/informationcenter/resourceaudit/sharepoint/farminstance/overview.md,docs/accessinformationcenter/11.6/resource-audit/sharepoint/site-collections.md
docs/accessinformationcenter/11.6/access/informationcenter/resourceaudit/sharepoint/farminstance/activitydetails.md,docs/accessinformationcenter/11.6/resource-audit/sharepoint/site-collections.md
docs/accessinformationcenter/11.6/access/informationcenter/resourceaudit/sharepoint/farminstance/anonymousaccesslinks.md,docs/accessinformationcenter/11.6/resource-audit/sharepoint/site-collections.md
docs/accessinformationcenter/11.6/access/informationcenter/resourceaudit/sharepoint/farminstance/exceptions.md,docs/accessinformationcenter/11.6/resource-audit/sharepoint/exceptions.md
docs/accessinformationcenter/11.6/access/informationcenter/resourceaudit/sharepoint/farminstance/externalsharing.md,docs/accessinformationcenter/11.6/resource-audit/sharepoint/site-collections.md
docs/accessinformationcenter/11.6/access/informationcenter/resourceaudit/sharepoint/farminstance/scansummary.md,docs/accessinformationcenter/11.6/resource-audit/sharepoint/site-collections.md
docs/accessinformationcenter/11.6/access/informationcenter/resourceaudit/sharepoint/farminstance/sensitivecontentdetails.md,docs/accessinformationcenter/11.6/resource-audit/sharepoint/site-collections.md
docs/accessinformationcenter/11.6/access/informationcenter/resourceaudit/sharepoint/farminstance/sensitivecontentsummary.md,docs/accessinformationcenter/11.6/resource-audit/sharepoint/site-collections.md
docs/accessinformationcenter/11.6/access/informationcenter/resourceaudit/sharepoint/sitecollections/overview.md,docs/accessinformationcenter/11.6/resource-audit/sharepoint/site-collections.md
docs/accessinformationcenter/11.6/access/informationcenter/resourceaudit/sharepoint/sitecollections/activitydetails.md,docs/accessinformationcenter/11.6/resource-audit/sharepoint/site-collections.md
docs/accessinformationcenter/11.6/access/informationcenter/resourceaudit/sharepoint/sitecollections/effectiveaccess.md,docs/accessinformationcenter/11.6/resource-audit/sharepoint/site-collections.md
docs/accessinformationcenter/11.6/access/informationcenter/resourceaudit/sharepoint/sitecollections/exceptions.md,docs/accessinformationcenter/11.6/resource-audit/sharepoint/exceptions.md
docs/accessinformationcenter/11.6/access/informationcenter/resourceaudit/sharepoint/sitecollections/permissions.md,docs/accessinformationcenter/11.6/resource-audit/sharepoint/site-collections.md
docs/accessinformationcenter/11.6/access/informationcenter/resourceaudit/sharepoint/sitecollections/sensitivecontent.md,docs/accessinformationcenter/11.6/resource-audit/sharepoint/site-collections.md
docs/accessinformationcenter/11.6/access/informationcenter/resourceaudit/sharepoint/sitecollections/sitecollectionroles.md,docs/accessinformationcenter/11.6/resource-audit/sharepoint/site-collections.md
docs/accessinformationcenter/11.6/access/informationcenter/resourceaudit/sharepoint/webapplication/overview.md,docs/accessinformationcenter/11.6/resource-audit/sharepoint/site-collections.md
docs/accessinformationcenter/11.6/access/informationcenter/resourceaudit/sharepoint/webapplication/effectivepolicy.md,docs/accessinformationcenter/11.6/resource-audit/sharepoint/site-collections.md
docs/accessinformationcenter/11.6/access/informationcenter/resourceaudit/sharepoint/webapplication/policy.md,docs/accessinformationcenter/11.6/resource-audit/sharepoint/site-collections.md
docs/accessinformationcenter/11.6/access/informationcenter/resourceaudit/sharepoint/onedrive/overview.md,docs/accessinformationcenter/11.6/resource-audit/sharepoint/onedrive.md
docs/accessinformationcenter/11.6/access/informationcenter/resourceaudit/sharepoint/onedrive/anonymousaccesslinks.md,docs/accessinformationcenter/11.6/resource-audit/sharepoint/onedrive.md
docs/accessinformationcenter/11.6/access/informationcenter/resourceaudit/sharepoint/onedrive/onedrivescansummary.md,docs/accessinformationcenter/11.6/resource-audit/sharepoint/onedrive.md
docs/accessinformationcenter/11.6/access/informationcenter/resourceaudit/sharepoint/teams/overview.md,docs/accessinformationcenter/11.6/resource-audit/sharepoint/teams.md
docs/accessinformationcenter/11.6/access/informationcenter/resourceaudit/sharepoint/teams/teamsscansummary.md,docs/accessinformationcenter/11.6/resource-audit/sharepoint/teams.md
docs/accessinformationcenter/11.6/access/informationcenter/resourceaudit/sharepoint/exceptions.md,docs/accessinformationcenter/11.6/resource-audit/sharepoint/exceptions.md
docs/accessinformationcenter/11.6/access/informationcenter/resourceaudit/sharepoint/exceptions/overview.md,docs/accessinformationcenter/11.6/resource-audit/sharepoint/exceptions.md
docs/accessinformationcenter/11.6/access/informationcenter/resourceaudit/sharepoint/exceptions/exceptions.md,docs/accessinformationcenter/11.6/resource-audit/sharepoint/exceptions.md
docs/accessinformationcenter/11.6/access/informationcenter/resourceaudit/sharepoint/exceptions/exceptionsbytype.md,docs/accessinformationcenter/11.6/resource-audit/sharepoint/exceptions.md
docs/accessinformationcenter/11.6/access/informationcenter/resourceaudit/sharepoint/quickreference.md,docs/accessinformationcenter/11.6/resource-audit/sharepoint/quick-reference.md
docs/accessinformationcenter/11.6/access/informationcenter/resourceaudit/sql/overview.md,docs/accessinformationcenter/11.6/resource-audit/databases/sql-server.md
docs/accessinformationcenter/11.6/access/informationcenter/resourceaudit/sql/sensitivecontentsummary.md,docs/accessinformationcenter/11.6/resource-audit/databases/sql-server.md
docs/accessinformationcenter/11.6/access/informationcenter/resourceaudit/sql/quickreference.md,docs/accessinformationcenter/11.6/resource-audit/databases/quick-reference.md
docs/accessinformationcenter/11.6/access/informationcenter/resourceaudit/sql/databases/overview.md,docs/accessinformationcenter/11.6/resource-audit/databases/sql-server.md
docs/accessinformationcenter/11.6/access/informationcenter/resourceaudit/sql/databases/activity.md,docs/accessinformationcenter/11.6/resource-audit/databases/sql-server.md
docs/accessinformationcenter/11.6/access/informationcenter/resourceaudit/sql/databases/sensitivecontent.md,docs/accessinformationcenter/11.6/resource-audit/databases/sql-server.md
docs/accessinformationcenter/11.6/access/informationcenter/resourceaudit/sql/databasetable/overview.md,docs/accessinformationcenter/11.6/resource-audit/databases/sql-server.md
docs/accessinformationcenter/11.6/access/informationcenter/resourceaudit/sql/databasetable/activity.md,docs/accessinformationcenter/11.6/resource-audit/databases/sql-server.md
docs/accessinformationcenter/11.6/access/informationcenter/resourceaudit/sql/databasetable/permissions.md,docs/accessinformationcenter/11.6/resource-audit/databases/sql-server.md
docs/accessinformationcenter/11.6/access/informationcenter/resourceaudit/sql/databasetable/sensitivecontent.md,docs/accessinformationcenter/11.6/resource-audit/databases/sql-server.md
docs/accessinformationcenter/11.6/access/informationcenter/resourceaudit/sql/instance/overview.md,docs/accessinformationcenter/11.6/resource-audit/databases/sql-server.md
docs/accessinformationcenter/11.6/access/informationcenter/resourceaudit/sql/instance/activity.md,docs/accessinformationcenter/11.6/resource-audit/databases/sql-server.md
docs/accessinformationcenter/11.6/access/informationcenter/resourceaudit/sql/instance/sensitivecontentdetails.md,docs/accessinformationcenter/11.6/resource-audit/databases/sql-server.md
docs/accessinformationcenter/11.6/access/informationcenter/resourceaudit/sql/instance/sensitivecontentsummary.md,docs/accessinformationcenter/11.6/resource-audit/databases/sql-server.md
docs/accessinformationcenter/11.6/access/informationcenter/resourceaudit/sql/instancepermissions/overview.md,docs/accessinformationcenter/11.6/resource-audit/databases/sql-server.md
docs/accessinformationcenter/11.6/access/informationcenter/resourceaudit/sql/instancepermissions/permissions.md,docs/accessinformationcenter/11.6/resource-audit/databases/sql-server.md
docs/accessinformationcenter/11.6/access/informationcenter/resourceaudit/sql/roles/overview.md,docs/accessinformationcenter/11.6/resource-audit/databases/sql-server.md
docs/accessinformationcenter/11.6/access/informationcenter/resourceaudit/sql/roles/permissions.md,docs/accessinformationcenter/11.6/resource-audit/databases/sql-server.md
docs/accessinformationcenter/11.6/access/informationcenter/resourceaudit/oracle/overview.md,docs/accessinformationcenter/11.6/resource-audit/databases/oracle.md
docs/accessinformationcenter/11.6/access/informationcenter/resourceaudit/oracle/sensitivecontentsummary.md,docs/accessinformationcenter/11.6/resource-audit/databases/oracle.md
docs/accessinformationcenter/11.6/access/informationcenter/resourceaudit/oracle/quickreference.md,docs/accessinformationcenter/11.6/resource-audit/databases/quick-reference.md
docs/accessinformationcenter/11.6/access/informationcenter/resourceaudit/oracle/databaselibrary/overview.md,docs/accessinformationcenter/11.6/resource-audit/databases/oracle.md
docs/accessinformationcenter/11.6/access/informationcenter/resourceaudit/oracle/databaselibrary/permissions.md,docs/accessinformationcenter/11.6/resource-audit/databases/oracle.md
docs/accessinformationcenter/11.6/access/informationcenter/resourceaudit/oracle/databaselibrary/sensitivecontent.md,docs/accessinformationcenter/11.6/resource-audit/databases/oracle.md
docs/accessinformationcenter/11.6/access/informationcenter/resourceaudit/oracle/instance/overview.md,docs/accessinformationcenter/11.6/resource-audit/databases/oracle.md
docs/accessinformationcenter/11.6/access/informationcenter/resourceaudit/oracle/instance/sensitivecontentdetails.md,docs/accessinformationcenter/11.6/resource-audit/databases/oracle.md
docs/accessinformationcenter/11.6/access/informationcenter/resourceaudit/oracle/instance/sensitivecontentsummary.md,docs/accessinformationcenter/11.6/resource-audit/databases/oracle.md
docs/accessinformationcenter/11.6/access/informationcenter/resourceaudit/mysql/overview.md,docs/accessinformationcenter/11.6/resource-audit/databases/mysql.md
docs/accessinformationcenter/11.6/access/informationcenter/resourceaudit/mysql/sensitivecontentsummary.md,docs/accessinformationcenter/11.6/resource-audit/databases/mysql.md
docs/accessinformationcenter/11.6/access/informationcenter/resourceaudit/mysql/quickreference.md,docs/accessinformationcenter/11.6/resource-audit/databases/quick-reference.md
docs/accessinformationcenter/11.6/access/informationcenter/resourceaudit/mysql/databasetables/overview.md,docs/accessinformationcenter/11.6/resource-audit/databases/mysql.md
docs/accessinformationcenter/11.6/access/informationcenter/resourceaudit/mysql/databasetables/permissions.md,docs/accessinformationcenter/11.6/resource-audit/databases/mysql.md
docs/accessinformationcenter/11.6/access/informationcenter/resourceaudit/mysql/databasetables/sensitivecontent.md,docs/accessinformationcenter/11.6/resource-audit/databases/mysql.md
docs/accessinformationcenter/11.6/access/informationcenter/resourceaudit/mysql/instance/overview.md,docs/accessinformationcenter/11.6/resource-audit/databases/mysql.md
docs/accessinformationcenter/11.6/access/informationcenter/resourceaudit/mysql/instance/sensitivecontentdetails.md,docs/accessinformationcenter/11.6/resource-audit/databases/mysql.md
docs/accessinformationcenter/11.6/access/informationcenter/resourceaudit/mysql/instance/sensitivecontentsummary.md,docs/accessinformationcenter/11.6/resource-audit/databases/mysql.md
docs/accessinformationcenter/11.6/access/informationcenter/resourceaudit/postgresql/overview.md,docs/accessinformationcenter/11.6/resource-audit/databases/postgresql.md
docs/accessinformationcenter/11.6/access/informationcenter/resourceaudit/postgresql/sensitivecontentsummary.md,docs/accessinformationcenter/11.6/resource-audit/databases/postgresql.md
docs/accessinformationcenter/11.6/access/informationcenter/resourceaudit/postgresql/quickreference.md,docs/accessinformationcenter/11.6/resource-audit/databases/quick-reference.md
docs/accessinformationcenter/11.6/access/informationcenter/resourceaudit/postgresql/databasetable/overview.md,docs/accessinformationcenter/11.6/resource-audit/databases/postgresql.md
docs/accessinformationcenter/11.6/access/informationcenter/resourceaudit/postgresql/databasetable/permissions.md,docs/accessinformationcenter/11.6/resource-audit/databases/postgresql.md
docs/accessinformationcenter/11.6/access/informationcenter/resourceaudit/postgresql/databasetable/sensitivecontent.md,docs/accessinformationcenter/11.6/resource-audit/databases/postgresql.md
docs/accessinformationcenter/11.6/access/informationcenter/resourceaudit/postgresql/instance/overview.md,docs/accessinformationcenter/11.6/resource-audit/databases/postgresql.md
docs/accessinformationcenter/11.6/access/informationcenter/resourceaudit/postgresql/instance/sensitivecontentdetails.md,docs/accessinformationcenter/11.6/resource-audit/databases/postgresql.md
docs/accessinformationcenter/11.6/access/informationcenter/resourceaudit/postgresql/instance/sensitivecontentsummary.md,docs/accessinformationcenter/11.6/resource-audit/databases/postgresql.md
docs/accessinformationcenter/11.6/access/informationcenter/resourceaudit/mongodb/overview.md,docs/accessinformationcenter/11.6/resource-audit/databases/mongodb.md
docs/accessinformationcenter/11.6/access/informationcenter/resourceaudit/mongodb/sensitivecontentsummary.md,docs/accessinformationcenter/11.6/resource-audit/databases/mongodb.md
docs/accessinformationcenter/11.6/access/informationcenter/resourceaudit/mongodb/quickreference.md,docs/accessinformationcenter/11.6/resource-audit/databases/quick-reference.md
docs/accessinformationcenter/11.6/access/informationcenter/resourceaudit/mongodb/databasecollection/overview.md,docs/accessinformationcenter/11.6/resource-audit/databases/mongodb.md
docs/accessinformationcenter/11.6/access/informationcenter/resourceaudit/mongodb/databasecollection/permissions.md,docs/accessinformationcenter/11.6/resource-audit/databases/mongodb.md
docs/accessinformationcenter/11.6/access/informationcenter/resourceaudit/mongodb/databasecollection/sensitivecontent.md,docs/accessinformationcenter/11.6/resource-audit/databases/mongodb.md
docs/accessinformationcenter/11.6/access/informationcenter/resourceaudit/mongodb/instance/overview.md,docs/accessinformationcenter/11.6/resource-audit/databases/mongodb.md
docs/accessinformationcenter/11.6/access/informationcenter/resourceaudit/mongodb/instance/sensitivecontentdetails.md,docs/accessinformationcenter/11.6/resource-audit/databases/mongodb.md
docs/accessinformationcenter/11.6/access/informationcenter/resourceaudit/mongodb/instance/sensitivecontentsummary.md,docs/accessinformationcenter/11.6/resource-audit/databases/mongodb.md
docs/accessinformationcenter/11.6/access/informationcenter/resourceaudit/exchange/overview.md,docs/accessinformationcenter/11.6/resource-audit/messaging/exchange.md
docs/accessinformationcenter/11.6/access/informationcenter/resourceaudit/exchange/sensitivecontentsummary.md,docs/accessinformationcenter/11.6/resource-audit/messaging/exchange.md
docs/accessinformationcenter/11.6/access/informationcenter/resourceaudit/exchange/quickreference.md,docs/accessinformationcenter/11.6/resource-audit/messaging/quick-reference.md
docs/accessinformationcenter/11.6/access/informationcenter/resourceaudit/exchange/mailboxfolder/overview.md,docs/accessinformationcenter/11.6/resource-audit/messaging/exchange.md
docs/accessinformationcenter/11.6/access/informationcenter/resourceaudit/exchange/mailboxfolder/permissions.md,docs/accessinformationcenter/11.6/resource-audit/messaging/exchange.md
docs/accessinformationcenter/11.6/access/informationcenter/resourceaudit/exchange/mailboxfolder/sensitivecontent.md,docs/accessinformationcenter/11.6/resource-audit/messaging/exchange.md
docs/accessinformationcenter/11.6/access/informationcenter/resourceaudit/exchange/server/overview.md,docs/accessinformationcenter/11.6/resource-audit/messaging/exchange.md
docs/accessinformationcenter/11.6/access/informationcenter/resourceaudit/exchange/server/sensitivecontentdetails.md,docs/accessinformationcenter/11.6/resource-audit/messaging/exchange.md
docs/accessinformationcenter/11.6/access/informationcenter/resourceaudit/exchange/server/sensitivecontentsummary.md,docs/accessinformationcenter/11.6/resource-audit/messaging/exchange.md
docs/accessinformationcenter/11.6/access/informationcenter/resourceaudit/aws/overview.md,docs/accessinformationcenter/11.6/resource-audit/cloud-storage/aws-s3.md
docs/accessinformationcenter/11.6/access/informationcenter/resourceaudit/aws/sensitivecontentsummary.md,docs/accessinformationcenter/11.6/resource-audit/cloud-storage/aws-s3.md
docs/accessinformationcenter/11.6/access/informationcenter/resourceaudit/aws/quickreference.md,docs/accessinformationcenter/11.6/resource-audit/cloud-storage/quick-reference.md
docs/accessinformationcenter/11.6/access/informationcenter/resourceaudit/aws/bucket/overview.md,docs/accessinformationcenter/11.6/resource-audit/cloud-storage/aws-s3.md
docs/accessinformationcenter/11.6/access/informationcenter/resourceaudit/aws/bucket/permissions.md,docs/accessinformationcenter/11.6/resource-audit/cloud-storage/aws-s3.md
docs/accessinformationcenter/11.6/access/informationcenter/resourceaudit/aws/bucket/sensitivecontent.md,docs/accessinformationcenter/11.6/resource-audit/cloud-storage/aws-s3.md
docs/accessinformationcenter/11.6/access/informationcenter/resourceaudit/aws/organization/overview.md,docs/accessinformationcenter/11.6/resource-audit/cloud-storage/aws-s3.md
docs/accessinformationcenter/11.6/access/informationcenter/resourceaudit/aws/organization/sensitivecontentdetails.md,docs/accessinformationcenter/11.6/resource-audit/cloud-storage/aws-s3.md
docs/accessinformationcenter/11.6/access/informationcenter/resourceaudit/aws/organization/sensitivecontentsummary.md,docs/accessinformationcenter/11.6/resource-audit/cloud-storage/aws-s3.md
docs/accessinformationcenter/11.6/access/informationcenter/resourceaudit/dropbox/overview.md,docs/accessinformationcenter/11.6/resource-audit/cloud-storage/dropbox.md
docs/accessinformationcenter/11.6/access/informationcenter/resourceaudit/dropbox/sensitivecontentsummary.md,docs/accessinformationcenter/11.6/resource-audit/cloud-storage/dropbox.md
docs/accessinformationcenter/11.6/access/informationcenter/resourceaudit/dropbox/quickreference.md,docs/accessinformationcenter/11.6/resource-audit/cloud-storage/quick-reference.md
docs/accessinformationcenter/11.6/access/informationcenter/resourceaudit/dropbox/team/overview.md,docs/accessinformationcenter/11.6/resource-audit/cloud-storage/dropbox.md
docs/accessinformationcenter/11.6/access/informationcenter/resourceaudit/dropbox/team/sensitivecontentdetails.md,docs/accessinformationcenter/11.6/resource-audit/cloud-storage/dropbox.md
docs/accessinformationcenter/11.6/access/informationcenter/resourceaudit/dropbox/team/sensitivecontentsummary.md,docs/accessinformationcenter/11.6/resource-audit/cloud-storage/dropbox.md
docs/accessinformationcenter/11.6/access/informationcenter/resourceaudit/dropbox/teammemberresource/overview.md,docs/accessinformationcenter/11.6/resource-audit/cloud-storage/dropbox.md
docs/accessinformationcenter/11.6/access/informationcenter/resourceaudit/dropbox/teammemberresource/permissions.md,docs/accessinformationcenter/11.6/resource-audit/cloud-storage/dropbox.md
docs/accessinformationcenter/11.6/access/informationcenter/resourceaudit/dropbox/teammemberresource/sensitivecontent.md,docs/accessinformationcenter/11.6/resource-audit/cloud-storage/dropbox.md
docs/accessinformationcenter/11.6/access/informationcenter/resourceaudit/flexibleimports/overview.md,docs/accessinformationcenter/11.6/resource-audit/custom-imports/flexible-imports.md
docs/accessinformationcenter/11.6/access/informationcenter/resourceaudit/flexibleimports/activity.md,docs/accessinformationcenter/11.6/resource-audit/custom-imports/flexible-imports.md
docs/accessinformationcenter/11.6/access/informationcenter/resourceaudit/flexibleimports/permissions.md,docs/accessinformationcenter/11.6/resource-audit/custom-imports/flexible-imports.md
docs/accessinformationcenter/11.6/access/informationcenter/resourceaudit/flexibleimports/sensitivecontent.md,docs/accessinformationcenter/11.6/resource-audit/custom-imports/flexible-imports.md
docs/accessinformationcenter/11.6/access/informationcenter/resourceaudit/flexibleimports/quickreference.md,docs/accessinformationcenter/11.6/resource-audit/custom-imports/flexible-imports.md
docs/accessinformationcenter/11.6/access/informationcenter/resourceaudit/sensitivecontent/overview.md,docs/accessinformationcenter/11.6/resource-audit/sensitive-content/overview.md
docs/accessinformationcenter/11.6/access/informationcenter/resourceaudit/sensitivecontent/files.md,docs/accessinformationcenter/11.6/resource-audit/sensitive-content/files.md
docs/accessinformationcenter/11.6/access/informationcenter/resourceaudit/sensitivecontent/quickreference.md,docs/accessinformationcenter/11.6/resource-audit/sensitive-content/overview.md
docs/accessinformationcenter/11.6/access/informationcenter/resourceaudit/changemodeling/overview.md,docs/accessinformationcenter/11.6/resource-audit/change-modeling/overview.md
docs/accessinformationcenter/11.6/access/informationcenter/resourceaudit/changemodeling/model.md,docs/accessinformationcenter/11.6/resource-audit/change-modeling/model-changes.md
docs/accessinformationcenter/11.6/access/informationcenter/resourceaudit/changemodeling/modeledaccesschanges.md,docs/accessinformationcenter/11.6/resource-audit/change-modeling/model-changes.md
docs/accessinformationcenter/11.6/access/informationcenter/resourceaudit/changemodeling/clear.md,docs/accessinformationcenter/11.6/resource-audit/change-modeling/model-changes.md
docs/accessinformationcenter/11.6/access/informationcenter/resourceaudit/changemodeling/commit.md,docs/accessinformationcenter/11.6/resource-audit/change-modeling/commit-changes.md
