docs/changetracker/8.1/index.md,docs/changetracker/8.1/index.md
docs/changetracker/8.1/changetracker/overview.md,docs/changetracker/8.1/getting-started/overview.md
docs/changetracker/8.1/changetracker/whatsnew.md,docs/changetracker/8.1/getting-started/whats-new.md
docs/changetracker/8.1/changetracker/admin/gettingstarted.md,docs/changetracker/8.1/getting-started/quick-start.md
docs/changetracker/8.1/changetracker/admin/overview.md,docs/changetracker/8.1/administration/overview.md
docs/changetracker/8.1/changetracker/admin/alerts.md,docs/changetracker/8.1/administration/alerts-notifications.md
docs/changetracker/8.1/changetracker/admin/plannedchangeoperationclosed.md,docs/changetracker/8.1/administration/planned-changes/operation-closed.md
docs/changetracker/8.1/changetracker/admin/agentlesscis/agentlesscis.md,docs/changetracker/8.1/monitoring-tracking/agentless-monitoring/agentless-cis.md
docs/changetracker/8.1/changetracker/admin/agentlessfim/troubleshooting.md,docs/changetracker/8.1/monitoring-tracking/agentless-monitoring/agentless-fim-troubleshooting.md
docs/changetracker/8.1/changetracker/admin/agentlessscript/overview.md,docs/changetracker/8.1/monitoring-tracking/agentless-monitoring/agentless-scripts.md
docs/changetracker/8.1/changetracker/admin/agentlessscript/advancedconfiguration.md,docs/changetracker/8.1/monitoring-tracking/agentless-monitoring/script-configuration.md
docs/changetracker/8.1/changetracker/admin/agentlessscript/advancedconfigurationsamplescripts.md,docs/changetracker/8.1/monitoring-tracking/agentless-monitoring/sample-scripts.md
docs/changetracker/8.1/changetracker/admin/agentlessscript/predefinedscriptvariables.md,docs/changetracker/8.1/monitoring-tracking/agentless-monitoring/script-variables.md
docs/changetracker/8.1/changetracker/admin/agentlessscript/predefinedscriptvariablesnotes.md,docs/changetracker/8.1/monitoring-tracking/agentless-monitoring/script-variables-notes.md
docs/changetracker/8.1/changetracker/admin/agents/agentperformancemetrics.md,docs/changetracker/8.1/administration/agent-management/agent-performance-metrics.md
docs/changetracker/8.1/changetracker/admin/agents/livetracking.md,docs/changetracker/8.1/administration/agent-management/live-tracking.md
docs/changetracker/8.1/changetracker/admin/credentials/notificationmessages.md,docs/changetracker/8.1/configuration/credentials-management/notification-messages.md
docs/changetracker/8.1/changetracker/admin/fim/fim.md,docs/changetracker/8.1/monitoring-tracking/file-integrity-monitoring/overview.md
docs/changetracker/8.1/changetracker/admin/matchrules/matchrulesoverview.md,docs/changetracker/8.1/monitoring-tracking/file-integrity-monitoring/match-rules.md
docs/changetracker/8.1/changetracker/admin/matchrules/filefolderrules.md,docs/changetracker/8.1/monitoring-tracking/file-integrity-monitoring/file-folder-rules.md
docs/changetracker/8.1/changetracker/admin/matchrules/registryrules.md,docs/changetracker/8.1/monitoring-tracking/file-integrity-monitoring/registry-rules.md
docs/changetracker/8.1/changetracker/admin/settings/agentconfiguration.md,docs/changetracker/8.1/configuration/agent-configuration/agent-settings.md
docs/changetracker/8.1/changetracker/admin/settings/agentcredentialrotation.md,docs/changetracker/8.1/configuration/agent-configuration/credential-rotation.md
docs/changetracker/8.1/changetracker/admin/settings/agentsanddevices.md,docs/changetracker/8.1/configuration/device-management/agents-and-devices.md
docs/changetracker/8.1/changetracker/admin/settings/agentupdates.md,docs/changetracker/8.1/configuration/agent-configuration/agent-updates.md
docs/changetracker/8.1/changetracker/admin/settings/allowedcommands.md,docs/changetracker/8.1/configuration/agent-configuration/allowed-commands.md
docs/changetracker/8.1/changetracker/admin/settings/credentials.md,docs/changetracker/8.1/configuration/credentials-management/overview.md
docs/changetracker/8.1/changetracker/admin/settings/devicegroups.md,docs/changetracker/8.1/configuration/device-management/device-groups.md
docs/changetracker/8.1/changetracker/admin/settings/license.md,docs/changetracker/8.1/configuration/system-settings/license-management.md
docs/changetracker/8.1/changetracker/admin/settings/settingstab.md,docs/changetracker/8.1/configuration/system-settings/general-settings.md
docs/changetracker/8.1/changetracker/admin/settings/systemperformance.md,docs/changetracker/8.1/configuration/system-settings/performance-tuning.md
docs/changetracker/8.1/changetracker/admin/settings/systemsettings.md,docs/changetracker/8.1/configuration/system-settings/overview.md
docs/changetracker/8.1/changetracker/admin/settings/systemsettingsglossary.md,docs/changetracker/8.1/configuration/system-settings/settings-glossary.md
docs/changetracker/8.1/changetracker/admin/settings/policytemplates/overview.md,docs/changetracker/8.1/configuration/policy-templates/overview.md
docs/changetracker/8.1/changetracker/admin/settings/policytemplates/policytemplateadministration.md,docs/changetracker/8.1/configuration/policy-templates/policy-administration.md
docs/changetracker/8.1/changetracker/admin/settings/policytemplates/createeditmonitoringpolicy.md,docs/changetracker/8.1/configuration/policy-templates/create-edit-policies.md
docs/changetracker/8.1/changetracker/admin/settings/policytemplates/fimfiles.md,docs/changetracker/8.1/configuration/policy-templates/file-monitoring/file-integrity-monitoring.md
docs/changetracker/8.1/changetracker/admin/settings/policytemplates/filescontents.md,docs/changetracker/8.1/configuration/policy-templates/file-monitoring/file-contents.md
docs/changetracker/8.1/changetracker/admin/settings/policytemplates/fimfileslegacy.md,docs/changetracker/8.1/configuration/policy-templates/file-monitoring/legacy-fim.md
docs/changetracker/8.1/changetracker/admin/settings/policytemplates/installedsoftware.md,docs/changetracker/8.1/configuration/policy-templates/system-monitoring/installed-software.md
docs/changetracker/8.1/changetracker/admin/settings/policytemplates/processesservices.md,docs/changetracker/8.1/configuration/policy-templates/system-monitoring/processes-services.md
docs/changetracker/8.1/changetracker/admin/settings/policytemplates/localuserordctracker.md,docs/changetracker/8.1/configuration/policy-templates/system-monitoring/local-users.md
docs/changetracker/8.1/changetracker/admin/settings/policytemplates/networkporttracker.md,docs/changetracker/8.1/configuration/policy-templates/system-monitoring/network-ports.md
docs/changetracker/8.1/changetracker/admin/settings/policytemplates/networkscan.md,docs/changetracker/8.1/configuration/policy-templates/system-monitoring/network-scan.md
docs/changetracker/8.1/changetracker/admin/settings/policytemplates/securityandauditpoltracker.md,docs/changetracker/8.1/configuration/policy-templates/system-monitoring/security-audit-policies.md
docs/changetracker/8.1/changetracker/admin/settings/policytemplates/registry.md,docs/changetracker/8.1/configuration/policy-templates/advanced-monitoring/registry-monitoring.md
docs/changetracker/8.1/changetracker/admin/settings/policytemplates/processcommandoutput.md,docs/changetracker/8.1/configuration/policy-templates/advanced-monitoring/process-command-output.md
docs/changetracker/8.1/changetracker/admin/tabs/dashboardoverview.md,docs/changetracker/8.1/administration/dashboard.md
docs/changetracker/8.1/changetracker/admin/tabs/devices.md,docs/changetracker/8.1/administration/device-operations.md
docs/changetracker/8.1/changetracker/admin/tabs/events.md,docs/changetracker/8.1/reporting-analytics/events/overview.md
docs/changetracker/8.1/changetracker/admin/tabs/eventsfilters.md,docs/changetracker/8.1/reporting-analytics/events/event-filters.md
docs/changetracker/8.1/changetracker/admin/tabs/eventsexportreports.md,docs/changetracker/8.1/reporting-analytics/events/export-reports.md
docs/changetracker/8.1/changetracker/admin/tabs/eventsschedulingautomaticreports.md,docs/changetracker/8.1/reporting-analytics/events/scheduled-reports.md
docs/changetracker/8.1/changetracker/admin/tabs/quickexport.md,docs/changetracker/8.1/reporting-analytics/events/quick-export.md
docs/changetracker/8.1/changetracker/admin/tabs/reportstab.md,docs/changetracker/8.1/reporting-analytics/reports/overview.md
docs/changetracker/8.1/changetracker/admin/tabs/reportsquerysettingstab.md,docs/changetracker/8.1/reporting-analytics/reports/query-settings.md
docs/changetracker/8.1/changetracker/admin/tabs/plannedchanges.md,docs/changetracker/8.1/administration/planned-changes/overview.md
docs/changetracker/8.1/changetracker/admin/tabs/plannedchangeadministration.md,docs/changetracker/8.1/administration/planned-changes/planned-change-administration.md
docs/changetracker/8.1/changetracker/admin/tabs/complianceoverviewtab.md,docs/changetracker/8.1/administration/compliance-management/compliance-overview.md
docs/changetracker/8.1/changetracker/admin/tabs/compliancedetails.md,docs/changetracker/8.1/administration/compliance-management/compliance-details.md
docs/changetracker/8.1/changetracker/admin/tabs/compliancepolicy.md,docs/changetracker/8.1/administration/compliance-management/compliance-policy.md
docs/changetracker/8.1/changetracker/admin/wizards/plannedchange.md,docs/changetracker/8.1/administration/planned-changes/planned-change-wizard.md
docs/changetracker/8.1/changetracker/admin/wizards/compliance.md,docs/changetracker/8.1/administration/compliance-management/compliance-wizard.md
docs/changetracker/8.1/changetracker/admin/wizards/compliancetemplates.md,docs/changetracker/8.1/administration/compliance-management/compliance-templates.md
docs/changetracker/8.1/changetracker/baseline/overview.md,docs/changetracker/8.1/monitoring-tracking/baseline-management/overview.md
docs/changetracker/8.1/changetracker/baseline/baselintab.md,docs/changetracker/8.1/monitoring-tracking/baseline-management/baseline-tab.md
docs/changetracker/8.1/changetracker/baseline/detailtab.md,docs/changetracker/8.1/monitoring-tracking/baseline-management/detail-tab.md
docs/changetracker/8.1/changetracker/baseline/managetab.md,docs/changetracker/8.1/monitoring-tracking/baseline-management/manage-tab.md
docs/changetracker/8.1/changetracker/baseline/overviewtab.md,docs/changetracker/8.1/monitoring-tracking/baseline-management/overview.md
docs/changetracker/8.1/changetracker/baseline/policywizard.md,docs/changetracker/8.1/monitoring-tracking/baseline-management/policy-wizard.md
docs/changetracker/8.1/changetracker/baseline/policyruleoptions.md,docs/changetracker/8.1/monitoring-tracking/baseline-management/policy-rule-options.md
docs/changetracker/8.1/changetracker/baseline/securitychangecontrol.md,docs/changetracker/8.1/monitoring-tracking/baseline-management/security-change-control.md
docs/changetracker/8.1/changetracker/cloud/overview.md,docs/changetracker/8.1/monitoring-tracking/cloud-tracking/overview.md
docs/changetracker/8.1/changetracker/cloud/setupwizard.md,docs/changetracker/8.1/monitoring-tracking/cloud-tracking/setup-wizard.md
docs/changetracker/8.1/changetracker/cloud/overviewtab.md,docs/changetracker/8.1/monitoring-tracking/cloud-tracking/cloud-overview-tab.md
docs/changetracker/8.1/changetracker/cloud/detailtab.md,docs/changetracker/8.1/monitoring-tracking/cloud-tracking/detail-tab.md
docs/changetracker/8.1/changetracker/cloud/policytab.md,docs/changetracker/8.1/monitoring-tracking/cloud-tracking/policy-tab.md
docs/changetracker/8.1/changetracker/cloud/cloudtrackerreports.md,docs/changetracker/8.1/monitoring-tracking/cloud-tracking/cloud-reports.md
docs/changetracker/8.1/changetracker/install/overview.md,docs/changetracker/8.1/installation-deployment/overview.md
docs/changetracker/8.1/changetracker/install/hub.md,docs/changetracker/8.1/installation-deployment/hub-installation.md
docs/changetracker/8.1/changetracker/install/deployment/databasecustompathoverview.md,docs/changetracker/8.1/installation-deployment/database-configuration/overview.md
docs/changetracker/8.1/changetracker/install/deployment/databasecustompathlinux.md,docs/changetracker/8.1/installation-deployment/database-configuration/custom-path-linux.md
docs/changetracker/8.1/changetracker/install/deployment/databasecustompathwindows.md,docs/changetracker/8.1/installation-deployment/database-configuration/custom-path-windows.md
docs/changetracker/8.1/changetracker/install/agent/overview.md,docs/changetracker/8.1/installation-deployment/agent-installation/overview.md
docs/changetracker/8.1/changetracker/install/agent/windows.md,docs/changetracker/8.1/installation-deployment/agent-installation/windows.md
docs/changetracker/8.1/changetracker/install/agent/linuxos.md,docs/changetracker/8.1/installation-deployment/agent-installation/linux.md
docs/changetracker/8.1/changetracker/install/agent/aix.md,docs/changetracker/8.1/installation-deployment/agent-installation/aix.md
docs/changetracker/8.1/changetracker/install/agent/solaris.md,docs/changetracker/8.1/installation-deployment/agent-installation/solaris.md
docs/changetracker/8.1/changetracker/install/agent/commandlinescript.md,docs/changetracker/8.1/installation-deployment/agent-installation/command-line-deployment.md
docs/changetracker/8.1/changetracker/install/agent/hubdetailsfile.md,docs/changetracker/8.1/installation-deployment/agent-installation/hub-details-configuration.md
docs/changetracker/8.1/changetracker/install/agent/rollinglogfile.md,docs/changetracker/8.1/installation-deployment/agent-installation/rolling-log-files.md
docs/changetracker/8.1/changetracker/install/agent/troubleshooting.md,docs/changetracker/8.1/installation-deployment/agent-installation/troubleshooting.md
docs/changetracker/8.1/changetracker/install/agent/upgrade.md,docs/changetracker/8.1/installation-deployment/agent-installation/upgrade.md
docs/changetracker/8.1/changetracker/install/agent/firstrun.md,docs/changetracker/8.1/installation-deployment/agent-installation/first-run.md
docs/changetracker/8.1/changetracker/integration/overview.md,docs/changetracker/8.1/integrations/overview.md
docs/changetracker/8.1/changetracker/integration/netwrixproducts/overview.md,docs/changetracker/8.1/integrations/netwrix-products/overview.md
docs/changetracker/8.1/changetracker/integration/netwrixproducts/netwrixauditor.md,docs/changetracker/8.1/integrations/netwrix-products/netwrix-auditor.md
docs/changetracker/8.1/changetracker/integration/itsm/overview.md,docs/changetracker/8.1/integrations/itsm-integration/overview.md
docs/changetracker/8.1/changetracker/integration/itsm/syncserviceinstall.md,docs/changetracker/8.1/integrations/itsm-integration/sync-service-installation.md
docs/changetracker/8.1/changetracker/integration/itsm/syncserviceadmin.md,docs/changetracker/8.1/integrations/itsm-integration/sync-service-administration.md
docs/changetracker/8.1/changetracker/integration/splunk/overview.md,docs/changetracker/8.1/integrations/splunk-integration.md
docs/changetracker/8.1/changetracker/integration/vmware/overview.md,docs/changetracker/8.1/integrations/vmware-integration.md
docs/changetracker/8.1/changetracker/integration/api/overview.md,docs/changetracker/8.1/api-reference/overview.md
docs/changetracker/8.1/changetracker/integration/api/agents.md,docs/changetracker/8.1/api-reference/agent-api.md
docs/changetracker/8.1/changetracker/requirements/overview.md,docs/changetracker/8.1/reference/system-requirements/overview.md
docs/changetracker/8.1/changetracker/requirements/windowsserver.md,docs/changetracker/8.1/reference/system-requirements/windows-server.md
docs/changetracker/8.1/changetracker/requirements/ossupportmatrix.md,docs/changetracker/8.1/reference/system-requirements/os-support-matrix.md
docs/changetracker/8.1/changetracker/requirements/componentreleases.md,docs/changetracker/8.1/reference/system-requirements/component-releases.md
docs/changetracker/8.1/changetracker/requirements/agentdeviceports.md,docs/changetracker/8.1/reference/system-requirements/agent-device-ports.md
docs/changetracker/8.1/changetracker/requirements/expressagent.md,docs/changetracker/8.1/reference/system-requirements/express-agent.md
docs/changetracker/8.1/changetracker/requirements/gen7agentwindows.md,docs/changetracker/8.1/reference/system-requirements/gen7-agent-windows.md
docs/changetracker/8.1/changetracker/requirements/gen7agentlinux.md,docs/changetracker/8.1/reference/system-requirements/gen7-agent-linux.md
