docs/threatmanager/3.0/index.md,docs/threatmanager/3.0/index.md
docs/threatmanager/3.0/threatmanager/administration/configuration/integrations/activedirectorysync.md,docs/threatmanager/3.0/administration/integrations/active-directory.md
docs/threatmanager/3.0/threatmanager/administration/configuration/integrations/apptoken.md,docs/threatmanager/3.0/administration/integrations/credential-profiles.md
docs/threatmanager/3.0/threatmanager/administration/configuration/integrations/authenticationprovider/entraidopenid.md,docs/threatmanager/3.0/administration/integrations/authentication-providers.md
docs/threatmanager/3.0/threatmanager/administration/configuration/integrations/authenticationprovider/openid.md,docs/threatmanager/3.0/administration/integrations/authentication-providers.md
docs/threatmanager/3.0/threatmanager/administration/configuration/integrations/authenticationprovider/page.md,docs/threatmanager/3.0/administration/integrations/authentication-providers.md
docs/threatmanager/3.0/threatmanager/administration/configuration/integrations/authenticationprovider/radius.md,docs/threatmanager/3.0/administration/integrations/authentication-providers.md
docs/threatmanager/3.0/threatmanager/administration/configuration/integrations/authenticationprovider/saml.md,docs/threatmanager/3.0/administration/integrations/authentication-providers.md
docs/threatmanager/3.0/threatmanager/administration/configuration/integrations/credentialprofile.md,docs/threatmanager/3.0/administration/integrations/credential-profiles.md
docs/threatmanager/3.0/threatmanager/administration/configuration/integrations/email.md,docs/threatmanager/3.0/administration/integrations/email-configuration.md
docs/threatmanager/3.0/threatmanager/administration/configuration/integrations/entraidsync.md,docs/threatmanager/3.0/administration/integrations/entra-id.md
docs/threatmanager/3.0/threatmanager/administration/configuration/integrations/foldersettings.md,docs/threatmanager/3.0/administration/integrations/active-directory.md
docs/threatmanager/3.0/threatmanager/administration/configuration/integrations/netwrixintegrations.md,docs/threatmanager/3.0/administration/integrations/netwrix-products.md
docs/threatmanager/3.0/threatmanager/administration/configuration/integrations/overview.md,docs/threatmanager/3.0/administration/integrations/overview.md
docs/threatmanager/3.0/threatmanager/administration/configuration/integrations/siem.md,docs/threatmanager/3.0/administration/integrations/siem-integration.md
docs/threatmanager/3.0/threatmanager/administration/configuration/integrations/tagmanagement.md,docs/threatmanager/3.0/administration/system-configuration/system-settings.md
docs/threatmanager/3.0/threatmanager/administration/configuration/overview.md,docs/threatmanager/3.0/administration/index.md
docs/threatmanager/3.0/threatmanager/administration/configuration/policies/honeytoken.md,docs/threatmanager/3.0/administration/policies/honeytoken-policies.md
docs/threatmanager/3.0/threatmanager/administration/configuration/policies/overview.md,docs/threatmanager/3.0/administration/policies/policy-configuration.md
docs/threatmanager/3.0/threatmanager/administration/configuration/policies/policiesconfiguration.md,docs/threatmanager/3.0/administration/policies/policy-configuration.md
docs/threatmanager/3.0/threatmanager/administration/configuration/systemhealth/actionqueue.md,docs/threatmanager/3.0/administration/system-health/action-queue.md
docs/threatmanager/3.0/threatmanager/administration/configuration/systemhealth/agents.md,docs/threatmanager/3.0/administration/system-health/agents-status.md
docs/threatmanager/3.0/threatmanager/administration/configuration/systemhealth/backlog.md,docs/threatmanager/3.0/administration/system-health/backlog-management.md
docs/threatmanager/3.0/threatmanager/administration/configuration/systemhealth/overview.md,docs/threatmanager/3.0/administration/system-health/monitoring-overview.md
docs/threatmanager/3.0/threatmanager/administration/configuration/systemhealth/services.md,docs/threatmanager/3.0/administration/system-health/services-status.md
docs/threatmanager/3.0/threatmanager/administration/configuration/systemsettings/about.md,docs/threatmanager/3.0/administration/system-configuration/system-settings.md
docs/threatmanager/3.0/threatmanager/administration/configuration/systemsettings/auditing.md,docs/threatmanager/3.0/administration/system-configuration/auditing.md
docs/threatmanager/3.0/threatmanager/administration/configuration/systemsettings/licensing.md,docs/threatmanager/3.0/administration/system-configuration/licensing.md
docs/threatmanager/3.0/threatmanager/administration/configuration/systemsettings/overview.md,docs/threatmanager/3.0/administration/system-configuration/system-settings.md
docs/threatmanager/3.0/threatmanager/administration/configuration/systemsettings/systemjobs.md,docs/threatmanager/3.0/administration/system-configuration/system-jobs.md
docs/threatmanager/3.0/threatmanager/administration/configuration/systemsettings/useraccess.md,docs/threatmanager/3.0/administration/system-configuration/user-access.md
docs/threatmanager/3.0/threatmanager/administration/configuration/threatconfiguration.md,docs/threatmanager/3.0/administration/threat-management/threat-configuration.md
docs/threatmanager/3.0/threatmanager/administration/configuration/threatdetection.md,docs/threatmanager/3.0/administration/threat-management/threat-detection.md
docs/threatmanager/3.0/threatmanager/administration/configuration/threatresponse.md,docs/threatmanager/3.0/administration/threat-management/threat-response.md
docs/threatmanager/3.0/threatmanager/administration/home.md,docs/threatmanager/3.0/administration/index.md
docs/threatmanager/3.0/threatmanager/administration/investigations/auditcompliance.md,docs/threatmanager/3.0/operations/investigations/audit-compliance.md
docs/threatmanager/3.0/threatmanager/administration/investigations/favorites.md,docs/threatmanager/3.0/operations/investigations/managing-investigations.md
docs/threatmanager/3.0/threatmanager/administration/investigations/myinvestigations.md,docs/threatmanager/3.0/operations/investigations/managing-investigations.md
docs/threatmanager/3.0/threatmanager/administration/investigations/newinvestigation.md,docs/threatmanager/3.0/operations/investigations/creating-investigations.md
docs/threatmanager/3.0/threatmanager/administration/investigations/options/edit.md,docs/threatmanager/3.0/operations/investigations/managing-investigations.md
docs/threatmanager/3.0/threatmanager/administration/investigations/options/export.md,docs/threatmanager/3.0/operations/investigations/managing-investigations.md
docs/threatmanager/3.0/threatmanager/administration/investigations/options/filters.md,docs/threatmanager/3.0/operations/investigations/managing-investigations.md
docs/threatmanager/3.0/threatmanager/administration/investigations/options/overview.md,docs/threatmanager/3.0/operations/investigations/managing-investigations.md
docs/threatmanager/3.0/threatmanager/administration/investigations/options/subscription.md,docs/threatmanager/3.0/operations/investigations/subscriptions-exports.md
docs/threatmanager/3.0/threatmanager/administration/investigations/overview.md,docs/threatmanager/3.0/operations/investigations/creating-investigations.md
docs/threatmanager/3.0/threatmanager/administration/investigations/predefinedinvestigations.md,docs/threatmanager/3.0/operations/investigations/predefined-investigations.md
docs/threatmanager/3.0/threatmanager/administration/investigations/reports.md,docs/threatmanager/3.0/operations/investigations/reports.md
docs/threatmanager/3.0/threatmanager/administration/investigations/subscriptionsexports.md,docs/threatmanager/3.0/operations/investigations/subscriptions-exports.md
docs/threatmanager/3.0/threatmanager/administration/overview.md,docs/threatmanager/3.0/administration/index.md
docs/threatmanager/3.0/threatmanager/administration/playbooks/action/activedirectory.md,docs/threatmanager/3.0/operations/playbooks/playbook-actions.md
docs/threatmanager/3.0/threatmanager/administration/playbooks/action/entraid.md,docs/threatmanager/3.0/operations/playbooks/playbook-actions.md
docs/threatmanager/3.0/threatmanager/administration/playbooks/action/localhost.md,docs/threatmanager/3.0/operations/playbooks/playbook-actions.md
docs/threatmanager/3.0/threatmanager/administration/playbooks/action/overview.md,docs/threatmanager/3.0/operations/playbooks/playbook-actions.md
docs/threatmanager/3.0/threatmanager/administration/playbooks/action/tag.md,docs/threatmanager/3.0/operations/playbooks/playbook-actions.md
docs/threatmanager/3.0/threatmanager/administration/playbooks/action/thirdparty.md,docs/threatmanager/3.0/operations/playbooks/playbook-actions.md
docs/threatmanager/3.0/threatmanager/administration/playbooks/action/windowsfileserver.md,docs/threatmanager/3.0/operations/playbooks/playbook-actions.md
docs/threatmanager/3.0/threatmanager/administration/playbooks/action/windowsserver.md,docs/threatmanager/3.0/operations/playbooks/playbook-actions.md
docs/threatmanager/3.0/threatmanager/administration/playbooks/editstep.md,docs/threatmanager/3.0/operations/playbooks/creating-playbooks.md
docs/threatmanager/3.0/threatmanager/administration/playbooks/export.md,docs/threatmanager/3.0/operations/playbooks/import-export.md
docs/threatmanager/3.0/threatmanager/administration/playbooks/import.md,docs/threatmanager/3.0/operations/playbooks/import-export.md
docs/threatmanager/3.0/threatmanager/administration/playbooks/importsteps.md,docs/threatmanager/3.0/operations/playbooks/import-export.md
docs/threatmanager/3.0/threatmanager/administration/playbooks/overview.md,docs/threatmanager/3.0/operations/playbooks/playbook-overview.md
docs/threatmanager/3.0/threatmanager/administration/playbooks/save.md,docs/threatmanager/3.0/operations/playbooks/creating-playbooks.md
docs/threatmanager/3.0/threatmanager/administration/playbooks/trigger.md,docs/threatmanager/3.0/operations/playbooks/playbook-triggers.md
docs/threatmanager/3.0/threatmanager/administration/threatdetails/abnormalbehavior.md,docs/threatmanager/3.0/operations/threat-details/abnormal-behavior.md
docs/threatmanager/3.0/threatmanager/administration/threatdetails/activedirectoryobjects.md,docs/threatmanager/3.0/operations/threat-details/object-details.md
docs/threatmanager/3.0/threatmanager/administration/threatdetails/entraidapplication.md,docs/threatmanager/3.0/operations/threat-details/object-details.md
docs/threatmanager/3.0/threatmanager/administration/threatdetails/entraidgroup.md,docs/threatmanager/3.0/operations/threat-details/object-details.md
docs/threatmanager/3.0/threatmanager/administration/threatdetails/entraidobjects.md,docs/threatmanager/3.0/operations/threat-details/object-details.md
docs/threatmanager/3.0/threatmanager/administration/threatdetails/entraidrole.md,docs/threatmanager/3.0/operations/threat-details/object-details.md
docs/threatmanager/3.0/threatmanager/administration/threatdetails/entraiduser.md,docs/threatmanager/3.0/operations/threat-details/object-details.md
docs/threatmanager/3.0/threatmanager/administration/threatdetails/group.md,docs/threatmanager/3.0/operations/threat-details/object-details.md
docs/threatmanager/3.0/threatmanager/administration/threatdetails/host.md,docs/threatmanager/3.0/operations/threat-details/object-details.md
docs/threatmanager/3.0/threatmanager/administration/threatdetails/overview.md,docs/threatmanager/3.0/operations/threat-details/viewing-threats.md
docs/threatmanager/3.0/threatmanager/administration/threatdetails/user.md,docs/threatmanager/3.0/operations/threat-details/object-details.md
docs/threatmanager/3.0/threatmanager/administration/threats.md,docs/threatmanager/3.0/operations/threat-details/viewing-threats.md
docs/threatmanager/3.0/threatmanager/administration/troubleshooting/log.md,docs/threatmanager/3.0/reference/troubleshooting/logs-analysis.md
docs/threatmanager/3.0/threatmanager/administration/troubleshooting/overview.md,docs/threatmanager/3.0/reference/troubleshooting/common-issues.md
docs/threatmanager/3.0/threatmanager/administration/troubleshooting/updatepasswords.md,docs/threatmanager/3.0/reference/troubleshooting/password-updates.md
docs/threatmanager/3.0/threatmanager/gettingstarted.md,docs/threatmanager/3.0/getting-started/quick-start.md
docs/threatmanager/3.0/threatmanager/install/actionservice.md,docs/threatmanager/3.0/installation/install-guide/action-service-setup.md
docs/threatmanager/3.0/threatmanager/install/application.md,docs/threatmanager/3.0/installation/install-guide/application-setup.md
docs/threatmanager/3.0/threatmanager/install/database.md,docs/threatmanager/3.0/installation/install-guide/database-setup.md
docs/threatmanager/3.0/threatmanager/install/firstlaunch.md,docs/threatmanager/3.0/installation/install-guide/first-launch.md
docs/threatmanager/3.0/threatmanager/install/integration/accessanalyzer.md,docs/threatmanager/3.0/administration/integrations/netwrix-products.md
docs/threatmanager/3.0/threatmanager/install/integration/activitymonitor.md,docs/threatmanager/3.0/administration/integrations/netwrix-products.md
docs/threatmanager/3.0/threatmanager/install/integration/overview.md,docs/threatmanager/3.0/administration/integrations/netwrix-products.md
docs/threatmanager/3.0/threatmanager/install/integration/threatprevention.md,docs/threatmanager/3.0/threatprevention/threatmanager-configuration.md
docs/threatmanager/3.0/threatmanager/install/login.md,docs/threatmanager/3.0/installation/security/authentication-setup.md
docs/threatmanager/3.0/threatmanager/install/overview.md,docs/threatmanager/3.0/installation/index.md
docs/threatmanager/3.0/threatmanager/install/secure.md,docs/threatmanager/3.0/installation/security/secure-deployment.md
docs/threatmanager/3.0/threatmanager/install/upgrade.md,docs/threatmanager/3.0/installation/upgrades/upgrade-guide.md
docs/threatmanager/3.0/threatmanager/install/upgrade2.8.md,docs/threatmanager/3.0/installation/upgrades/upgrade-to-2-8.md
docs/threatmanager/3.0/threatmanager/install/upgrade3.0.md,docs/threatmanager/3.0/installation/upgrades/upgrade-to-3-0.md
docs/threatmanager/3.0/threatmanager/overview.md,docs/threatmanager/3.0/getting-started/introduction.md
docs/threatmanager/3.0/threatmanager/requirements/actionservice.md,docs/threatmanager/3.0/installation/requirements/system-requirements.md
docs/threatmanager/3.0/threatmanager/requirements/client.md,docs/threatmanager/3.0/installation/requirements/system-requirements.md
docs/threatmanager/3.0/threatmanager/requirements/database.md,docs/threatmanager/3.0/installation/requirements/system-requirements.md
docs/threatmanager/3.0/threatmanager/requirements/overview.md,docs/threatmanager/3.0/installation/requirements/system-requirements.md
docs/threatmanager/3.0/threatmanager/requirements/permissions/adsync.md,docs/threatmanager/3.0/installation/requirements/permissions.md
docs/threatmanager/3.0/threatmanager/requirements/permissions/entraidsync.md,docs/threatmanager/3.0/installation/requirements/permissions.md
docs/threatmanager/3.0/threatmanager/requirements/permissions/overview.md,docs/threatmanager/3.0/installation/requirements/permissions.md
docs/threatmanager/3.0/threatmanager/requirements/ports.md,docs/threatmanager/3.0/installation/requirements/ports-and-networking.md
docs/threatmanager/3.0/threatmanager/requirements/server.md,docs/threatmanager/3.0/installation/requirements/system-requirements.md
docs/threatmanager/3.0/threatmanager/threats/activedirectory.md,docs/threatmanager/3.0/reference/threat-types/active-directory-threats.md
docs/threatmanager/3.0/threatmanager/threats/custom.md,docs/threatmanager/3.0/reference/threat-types/custom-threats.md
docs/threatmanager/3.0/threatmanager/threats/entraid.md,docs/threatmanager/3.0/reference/threat-types/entra-id-threats.md
docs/threatmanager/3.0/threatmanager/threats/filesystem.md,docs/threatmanager/3.0/reference/threat-types/file-system-threats.md
docs/threatmanager/3.0/threatmanager/threats/general.md,docs/threatmanager/3.0/reference/threat-types/general-threats.md
docs/threatmanager/3.0/threatmanager/threats/overview.md,docs/threatmanager/3.0/reference/threat-types/active-directory-threats.md
docs/threatmanager/3.0/threatmanager/whatsnew.md,docs/threatmanager/3.0/getting-started/whats-new.md
docs/threatmanager/3.0/threatprevention/admin/configuration/threatmanagerconfiguration.md,docs/threatmanager/3.0/threatprevention/threatmanager-configuration.md
