docs/platgovsalesforceflashlight/index.md,docs/platgovsalesforceflashlight/index.md
docs/platgovsalesforceflashlight/welcome.md,docs/platgovsalesforceflashlight/index.md
docs/platgovsalesforceflashlight/what_flashlight_documents.md,docs/platgovsalesforceflashlight/core-features/metadata-documentation.md
docs/platgovsalesforceflashlight/documented_metadata_types.md,docs/platgovsalesforceflashlight/reference/metadata-types.md
docs/platgovsalesforceflashlight/getting_started/getting_started_overview.md,docs/platgovsalesforceflashlight/getting-started/index.md
docs/platgovsalesforceflashlight/getting_started/installing_flashlight.md,docs/platgovsalesforceflashlight/getting-started/installation-and-setup.md
docs/platgovsalesforceflashlight/getting_started/using_getting_started_wizard.md,docs/platgovsalesforceflashlight/getting-started/installation-and-setup.md
docs/platgovsalesforceflashlight/getting_started/dashboard.md,docs/platgovsalesforceflashlight/getting-started/dashboard-overview.md
docs/platgovsalesforceflashlight/getting_started/scheduler.md,docs/platgovsalesforceflashlight/getting-started/scheduling-scans.md
docs/platgovsalesforceflashlight/getting_started/config_and_stats.md,docs/platgovsalesforceflashlight/administration/configuration-and-status.md
docs/platgovsalesforceflashlight/getting_started/platform_governor.md,docs/platgovsalesforceflashlight/administration/platform-governor.md
docs/platgovsalesforceflashlight/getting_started/uninstalling_flashlight.md,docs/platgovsalesforceflashlight/administration/uninstalling.md
docs/platgovsalesforceflashlight/getting_started/report_a_bug.md,docs/platgovsalesforceflashlight/reference/troubleshooting.md
docs/platgovsalesforceflashlight/customizations/customizations_overview.md,docs/platgovsalesforceflashlight/core-features/customization-tracking.md
docs/platgovsalesforceflashlight/customizations/understanding_customization_record.md,docs/platgovsalesforceflashlight/core-features/customization-tracking.md
docs/platgovsalesforceflashlight/tools/tools_overview.md,docs/platgovsalesforceflashlight/tools-and-utilities/index.md
docs/platgovsalesforceflashlight/tools/viewing_drd.md,docs/platgovsalesforceflashlight/core-features/dependency-analysis.md
docs/platgovsalesforceflashlight/tools/running_scanner.md,docs/platgovsalesforceflashlight/tools-and-utilities/scanner-tools.md
docs/platgovsalesforceflashlight/tools/finder.md,docs/platgovsalesforceflashlight/tools-and-utilities/finder-tool.md
docs/platgovsalesforceflashlight/tools/export_objects.md,docs/platgovsalesforceflashlight/tools-and-utilities/export-tools.md
docs/platgovsalesforceflashlight/tools/export_profiles.md,docs/platgovsalesforceflashlight/tools-and-utilities/export-tools.md
docs/platgovsalesforceflashlight/tools/export_users.md,docs/platgovsalesforceflashlight/tools-and-utilities/export-tools.md
docs/platgovsalesforceflashlight/tools/export_object_attachment_records.md,docs/platgovsalesforceflashlight/tools-and-utilities/export-tools.md
docs/platgovsalesforceflashlight/tools/automated_report_clean_up.md,docs/platgovsalesforceflashlight/tools-and-utilities/report-cleanup.md
docs/platgovsalesforceflashlight/tools/reports_overview.md,docs/platgovsalesforceflashlight/core-features/reports-and-exports.md
docs/platgovsalesforceflashlight/tools/validating_data.md,docs/platgovsalesforceflashlight/reference/troubleshooting.md
docs/platgovsalesforceflashlight/clean_up/cleanup_overview.md,docs/platgovsalesforceflashlight/tools-and-utilities/report-cleanup.md
docs/platgovsalesforceflashlight/clean_up/cleanup_customizations.md,docs/platgovsalesforceflashlight/tools-and-utilities/report-cleanup.md
docs/platgovsalesforceflashlight/clean_up/cleanup_reports.md,docs/platgovsalesforceflashlight/tools-and-utilities/report-cleanup.md
docs/platgovsalesforceflashlight/clean_up/date_last_used.md,docs/platgovsalesforceflashlight/tools-and-utilities/report-cleanup.md
