docs/passwordpolicyenforcer/10.2/index.md,docs/passwordpolicyenforcer/10.2/index.md
docs/passwordpolicyenforcer/10.2/password_policy_enforcer/overview.md,docs/passwordpolicyenforcer/10.2/getting-started/index.md
docs/passwordpolicyenforcer/10.2/password_policy_enforcer/administration/administration_overview.md,docs/passwordpolicyenforcer/10.2/administration/index.md
docs/passwordpolicyenforcer/10.2/password_policy_enforcer/administration/assigning_policies.md,docs/passwordpolicyenforcer/10.2/password-policies/assigning-policies.md
docs/passwordpolicyenforcer/10.2/password_policy_enforcer/administration/automated_installation.md,docs/passwordpolicyenforcer/10.2/installation-and-deployment/automated-deployment.md
docs/passwordpolicyenforcer/10.2/password_policy_enforcer/administration/character_pattern.md,docs/passwordpolicyenforcer/10.2/password-rules/pattern-rules.md
docs/passwordpolicyenforcer/10.2/password_policy_enforcer/administration/character_rules.md,docs/passwordpolicyenforcer/10.2/password-rules/character-rules.md
docs/passwordpolicyenforcer/10.2/password_policy_enforcer/administration/command_line_interface.md,docs/passwordpolicyenforcer/10.2/tools-and-utilities/command-line-tools.md
docs/passwordpolicyenforcer/10.2/password_policy_enforcer/administration/complexity_rule.md,docs/passwordpolicyenforcer/10.2/password-rules/character-rules.md
docs/passwordpolicyenforcer/10.2/password_policy_enforcer/administration/compromised_rule.md,docs/passwordpolicyenforcer/10.2/password-rules/advanced-rules.md
docs/passwordpolicyenforcer/10.2/password_policy_enforcer/administration/configuring_the_password_policy_client.md,docs/passwordpolicyenforcer/10.2/installation-and-deployment/password-policy-client.md
docs/passwordpolicyenforcer/10.2/password_policy_enforcer/administration/connecting.md,docs/passwordpolicyenforcer/10.2/administration/connecting-to-domains.md
docs/passwordpolicyenforcer/10.2/password_policy_enforcer/administration/creating_a_policy.md,docs/passwordpolicyenforcer/10.2/password-policies/creating-policies.md
docs/passwordpolicyenforcer/10.2/password_policy_enforcer/administration/customizing_message_templates.md,docs/passwordpolicyenforcer/10.2/messaging-and-notifications/message-templates.md
docs/passwordpolicyenforcer/10.2/password_policy_enforcer/administration/customizing_rule_inserts.md,docs/passwordpolicyenforcer/10.2/messaging-and-notifications/message-templates.md
docs/passwordpolicyenforcer/10.2/password_policy_enforcer/administration/deleting_a_policy.md,docs/passwordpolicyenforcer/10.2/password-policies/creating-policies.md
docs/passwordpolicyenforcer/10.2/password_policy_enforcer/administration/dictionary_rule.md,docs/passwordpolicyenforcer/10.2/password-rules/advanced-rules.md
docs/passwordpolicyenforcer/10.2/password_policy_enforcer/administration/disable_windows_rules.md,docs/passwordpolicyenforcer/10.2/password-policies/policy-configuration.md
docs/passwordpolicyenforcer/10.2/password_policy_enforcer/administration/domain_and_local_policies.md,docs/passwordpolicyenforcer/10.2/password-policies/policy-configuration.md
docs/passwordpolicyenforcer/10.2/password_policy_enforcer/administration/email_delivery_options.md,docs/passwordpolicyenforcer/10.2/messaging-and-notifications/notification-delivery.md
docs/passwordpolicyenforcer/10.2/password_policy_enforcer/administration/email_message_options.md,docs/passwordpolicyenforcer/10.2/messaging-and-notifications/email-configuration.md
docs/passwordpolicyenforcer/10.2/password_policy_enforcer/administration/first_and_last.md,docs/passwordpolicyenforcer/10.2/password-rules/advanced-rules.md
docs/passwordpolicyenforcer/10.2/password_policy_enforcer/administration/hibpupdater.md,docs/passwordpolicyenforcer/10.2/tools-and-utilities/hibp-updater.md
docs/passwordpolicyenforcer/10.2/password_policy_enforcer/administration/history_rule.md,docs/passwordpolicyenforcer/10.2/password-rules/basic-rules.md
docs/passwordpolicyenforcer/10.2/password_policy_enforcer/administration/installation.md,docs/passwordpolicyenforcer/10.2/installation-and-deployment/installation-types.md
docs/passwordpolicyenforcer/10.2/password_policy_enforcer/administration/installing_password_policy_client.md,docs/passwordpolicyenforcer/10.2/installation-and-deployment/password-policy-client.md
docs/passwordpolicyenforcer/10.2/password_policy_enforcer/administration/keyboard_pattern.md,docs/passwordpolicyenforcer/10.2/password-rules/pattern-rules.md
docs/passwordpolicyenforcer/10.2/password_policy_enforcer/administration/length_rule.md,docs/passwordpolicyenforcer/10.2/password-rules/basic-rules.md
docs/passwordpolicyenforcer/10.2/password_policy_enforcer/administration/license_generator.md,docs/passwordpolicyenforcer/10.2/administration/license-management.md
docs/passwordpolicyenforcer/10.2/password_policy_enforcer/administration/mailer.md,docs/passwordpolicyenforcer/10.2/messaging-and-notifications/email-configuration.md
docs/passwordpolicyenforcer/10.2/password_policy_enforcer/administration/management_console_views.md,docs/passwordpolicyenforcer/10.2/administration/management-console.md
docs/passwordpolicyenforcer/10.2/password_policy_enforcer/administration/management_console.md,docs/passwordpolicyenforcer/10.2/administration/management-console.md
docs/passwordpolicyenforcer/10.2/password_policy_enforcer/administration/managing_policies.md,docs/passwordpolicyenforcer/10.2/password-policies/creating-policies.md
docs/passwordpolicyenforcer/10.2/password_policy_enforcer/administration/manual_installation.md,docs/passwordpolicyenforcer/10.2/installation-and-deployment/installation-types.md
docs/passwordpolicyenforcer/10.2/password_policy_enforcer/administration/maximum_age_rule.md,docs/passwordpolicyenforcer/10.2/password-rules/basic-rules.md
docs/passwordpolicyenforcer/10.2/password_policy_enforcer/administration/minimum_age_rule.md,docs/passwordpolicyenforcer/10.2/password-rules/basic-rules.md
docs/passwordpolicyenforcer/10.2/password_policy_enforcer/administration/multilingual_messages.md,docs/passwordpolicyenforcer/10.2/messaging-and-notifications/multilingual-support.md
docs/passwordpolicyenforcer/10.2/password_policy_enforcer/administration/passphrases.md,docs/passwordpolicyenforcer/10.2/password-rules/custom-rules.md
docs/passwordpolicyenforcer/10.2/password_policy_enforcer/administration/password_policy_client.md,docs/passwordpolicyenforcer/10.2/installation-and-deployment/password-policy-client.md
docs/passwordpolicyenforcer/10.2/password_policy_enforcer/administration/policy_priorities.md,docs/passwordpolicyenforcer/10.2/password-policies/policy-priorities.md
docs/passwordpolicyenforcer/10.2/password_policy_enforcer/administration/policy_properties.md,docs/passwordpolicyenforcer/10.2/password-policies/policy-configuration.md
docs/passwordpolicyenforcer/10.2/password_policy_enforcer/administration/ppe_tool.md,docs/passwordpolicyenforcer/10.2/tools-and-utilities/command-line-tools.md
docs/passwordpolicyenforcer/10.2/password_policy_enforcer/administration/properties.md,docs/passwordpolicyenforcer/10.2/administration/management-console.md
docs/passwordpolicyenforcer/10.2/password_policy_enforcer/administration/repeating_characters.md,docs/passwordpolicyenforcer/10.2/password-rules/pattern-rules.md
docs/passwordpolicyenforcer/10.2/password_policy_enforcer/administration/repeating_pattern.md,docs/passwordpolicyenforcer/10.2/password-rules/pattern-rules.md
docs/passwordpolicyenforcer/10.2/password_policy_enforcer/administration/rules.md,docs/passwordpolicyenforcer/10.2/password-rules/index.md
docs/passwordpolicyenforcer/10.2/password_policy_enforcer/administration/similarity_rule.md,docs/passwordpolicyenforcer/10.2/password-rules/pattern-rules.md
docs/passwordpolicyenforcer/10.2/password_policy_enforcer/administration/support_tools.md,docs/passwordpolicyenforcer/10.2/tools-and-utilities/support-tools.md
docs/passwordpolicyenforcer/10.2/password_policy_enforcer/administration/testing_policies.md,docs/passwordpolicyenforcer/10.2/password-policies/testing-policies.md
docs/passwordpolicyenforcer/10.2/password_policy_enforcer/administration/troubleshooting.md,docs/passwordpolicyenforcer/10.2/tools-and-utilities/troubleshooting.md
docs/passwordpolicyenforcer/10.2/password_policy_enforcer/administration/uninstall.md,docs/passwordpolicyenforcer/10.2/installation-and-deployment/uninstalling.md
docs/passwordpolicyenforcer/10.2/password_policy_enforcer/administration/unique_characters.md,docs/passwordpolicyenforcer/10.2/password-rules/character-rules.md
docs/passwordpolicyenforcer/10.2/password_policy_enforcer/administration/upgrading.md,docs/passwordpolicyenforcer/10.2/getting-started/upgrading.md
docs/passwordpolicyenforcer/10.2/password_policy_enforcer/administration/user_display_name_rule.md,docs/passwordpolicyenforcer/10.2/password-rules/advanced-rules.md
docs/passwordpolicyenforcer/10.2/password_policy_enforcer/administration/user_logon_name_rule.md,docs/passwordpolicyenforcer/10.2/password-rules/advanced-rules.md
docs/passwordpolicyenforcer/10.2/password_policy_enforcer/administration/whatsnew.md,docs/passwordpolicyenforcer/10.2/getting-started/whats-new.md
docs/passwordpolicyenforcer/10.2/password_policy_enforcer/administration/writeback.md,docs/passwordpolicyenforcer/10.2/password-policies/policy-configuration.md
docs/passwordpolicyenforcer/10.2/password_policy_enforcer/evaluation/conclusion.md,docs/passwordpolicyenforcer/10.2/getting-started/evaluation-guide.md
docs/passwordpolicyenforcer/10.2/password_policy_enforcer/evaluation/configuring_policy_rules.md,docs/passwordpolicyenforcer/10.2/getting-started/evaluation-guide.md
docs/passwordpolicyenforcer/10.2/password_policy_enforcer/evaluation/creating_a_password_policy.md,docs/passwordpolicyenforcer/10.2/getting-started/evaluation-guide.md
docs/passwordpolicyenforcer/10.2/password_policy_enforcer/evaluation/enforcing_multiple_policies.md,docs/passwordpolicyenforcer/10.2/getting-started/evaluation-guide.md
docs/passwordpolicyenforcer/10.2/password_policy_enforcer/evaluation/evaluation_overview.md,docs/passwordpolicyenforcer/10.2/getting-started/evaluation-guide.md
docs/passwordpolicyenforcer/10.2/password_policy_enforcer/evaluation/improving_the_password_policy.md,docs/passwordpolicyenforcer/10.2/getting-started/evaluation-guide.md
docs/passwordpolicyenforcer/10.2/password_policy_enforcer/evaluation/installation.md,docs/passwordpolicyenforcer/10.2/getting-started/installation.md
docs/passwordpolicyenforcer/10.2/password_policy_enforcer/evaluation/password_reset.md,docs/passwordpolicyenforcer/10.2/getting-started/evaluation-guide.md
docs/passwordpolicyenforcer/10.2/password_policy_enforcer/evaluation/policy_templates.md,docs/passwordpolicyenforcer/10.2/password-policies/policy-configuration.md
docs/passwordpolicyenforcer/10.2/password_policy_enforcer/evaluation/preparing_the_computer.md,docs/passwordpolicyenforcer/10.2/installation-and-deployment/system-requirements.md
docs/passwordpolicyenforcer/10.2/password_policy_enforcer/evaluation/testing_the_password_policy.md,docs/passwordpolicyenforcer/10.2/getting-started/evaluation-guide.md
docs/passwordpolicyenforcer/10.2/password_policy_enforcer/web/configuration.md,docs/passwordpolicyenforcer/10.2/web-interface/configuration.md
docs/passwordpolicyenforcer/10.2/password_policy_enforcer/web/editing_html_templates.md,docs/passwordpolicyenforcer/10.2/web-interface/customizing-templates.md
docs/passwordpolicyenforcer/10.2/password_policy_enforcer/web/installation.md,docs/passwordpolicyenforcer/10.2/web-interface/installation.md
docs/passwordpolicyenforcer/10.2/password_policy_enforcer/web/license_agreement.md,docs/passwordpolicyenforcer/10.2/web-interface/installation.md
docs/passwordpolicyenforcer/10.2/password_policy_enforcer/web/securing_web.md,docs/passwordpolicyenforcer/10.2/web-interface/security.md
docs/passwordpolicyenforcer/10.2/password_policy_enforcer/web/using_web.md,docs/passwordpolicyenforcer/10.2/web-interface/using-web-interface.md
docs/passwordpolicyenforcer/10.2/password_policy_enforcer/web/web_overview.md,docs/passwordpolicyenforcer/10.2/web-interface/index.md
docs/passwordpolicyenforcer/10.2/password_policy_enforcer/web/what_new.md,docs/passwordpolicyenforcer/10.2/web-interface/index.md
docs/passwordpolicyenforcer/10.2/password_reset/administration/about_tab.md,docs/passwordpolicyenforcer/10.2/password-reset/configuration.md
docs/passwordpolicyenforcer/10.2/password_reset/administration/administration_overview.md,docs/passwordpolicyenforcer/10.2/password-reset/index.md
docs/passwordpolicyenforcer/10.2/password_reset/administration/configuring_password_reset.md,docs/passwordpolicyenforcer/10.2/password-reset/configuration.md
docs/passwordpolicyenforcer/10.2/password_reset/administration/editing_the_html_templates.md,docs/passwordpolicyenforcer/10.2/password-reset/configuration.md
docs/passwordpolicyenforcer/10.2/password_reset/administration/email_tab.md,docs/passwordpolicyenforcer/10.2/password-reset/configuration.md
docs/passwordpolicyenforcer/10.2/password_reset/administration/enroll_tab.md,docs/passwordpolicyenforcer/10.2/password-reset/enrollment.md
docs/passwordpolicyenforcer/10.2/password_reset/administration/filter_editor.md,docs/passwordpolicyenforcer/10.2/password-reset/data-management.md
docs/passwordpolicyenforcer/10.2/password_reset/administration/filtering_data.md,docs/passwordpolicyenforcer/10.2/password-reset/data-management.md
docs/passwordpolicyenforcer/10.2/password_reset/administration/general_tab.md,docs/passwordpolicyenforcer/10.2/password-reset/configuration.md
docs/passwordpolicyenforcer/10.2/password_reset/administration/installation.md,docs/passwordpolicyenforcer/10.2/password-reset/installation.md
docs/passwordpolicyenforcer/10.2/password_reset/administration/moving_to_sql_server.md,docs/passwordpolicyenforcer/10.2/password-reset/data-management.md
docs/passwordpolicyenforcer/10.2/password_reset/administration/password_reset_client.md,docs/passwordpolicyenforcer/10.2/password-reset/using-password-reset.md
docs/passwordpolicyenforcer/10.2/password_reset/administration/permissions_tab.md,docs/passwordpolicyenforcer/10.2/password-reset/security-settings.md
docs/passwordpolicyenforcer/10.2/password_reset/administration/persuading_users_to_enroll.md,docs/passwordpolicyenforcer/10.2/password-reset/best-practices.md
docs/passwordpolicyenforcer/10.2/password_reset/administration/securing_password_reset.md,docs/passwordpolicyenforcer/10.2/password-reset/security-settings.md
docs/passwordpolicyenforcer/10.2/password_reset/administration/security_tab.md,docs/passwordpolicyenforcer/10.2/password-reset/security-settings.md
docs/passwordpolicyenforcer/10.2/password_reset/administration/using_password_reset.md,docs/passwordpolicyenforcer/10.2/password-reset/using-password-reset.md
docs/passwordpolicyenforcer/10.2/password_reset/administration/using_the_data_console.md,docs/passwordpolicyenforcer/10.2/password-reset/data-management.md
docs/passwordpolicyenforcer/10.2/password_reset/administration/verification_tab.md,docs/passwordpolicyenforcer/10.2/password-reset/enrollment.md
docs/passwordpolicyenforcer/10.2/password_reset/administration/working_with_the_database.md,docs/passwordpolicyenforcer/10.2/password-reset/data-management.md
docs/passwordpolicyenforcer/10.2/password_reset/evaluation/evaluation_overview.md,docs/passwordpolicyenforcer/10.2/password-reset/index.md