docs/auditor/10.7/access/general/datagrid.md,docs/auditor/10.7/access-governance/entitlement-management/data-grid-features.md
docs/auditor/10.7/access/general/editnotes.md,docs/auditor/10.7/access-governance/entitlement-management/edit-notes.md
docs/auditor/10.7/access/general/groupmembership.md,docs/auditor/10.7/access-governance/entitlement-management/group-membership.md
docs/auditor/10.7/access/general/removechanges.md,docs/auditor/10.7/access-governance/entitlement-management/edit-notes.md
docs/auditor/10.7/access/reviews/admin/additionalconfig/emailtemplates.md,docs/auditor/10.7/access-governance/access-reviews/configuration.md
docs/auditor/10.7/access/reviews/admin/additionalconfig/overview.md,docs/auditor/10.7/access-governance/access-reviews/configuration.md
docs/auditor/10.7/access/reviews/admin/additionalconfig/timeoutparameter.md,docs/auditor/10.7/access-governance/access-reviews/configuration.md
docs/auditor/10.7/access/reviews/admin/configuration/activedirectory.md,docs/auditor/10.7/access-governance/access-reviews/configuration.md
docs/auditor/10.7/access/reviews/admin/configuration/consoleaccess.md,docs/auditor/10.7/access-governance/access-reviews/configuration.md
docs/auditor/10.7/access/reviews/admin/configuration/database.md,docs/auditor/10.7/access-governance/access-reviews/configuration.md
docs/auditor/10.7/access/reviews/admin/configuration/diagnostics.md,docs/auditor/10.7/access-governance/access-reviews/configuration.md
docs/auditor/10.7/access/reviews/admin/configuration/notifications.md,docs/auditor/10.7/access-governance/access-reviews/configuration.md
docs/auditor/10.7/access/reviews/admin/configuration/overview.md,docs/auditor/10.7/access-governance/access-reviews/configuration.md
docs/auditor/10.7/access/reviews/admin/firstlaunch.md,docs/auditor/10.7/access-governance/access-reviews/index.md
docs/auditor/10.7/access/reviews/admin/login.md,docs/auditor/10.7/access-governance/access-reviews/index.md
docs/auditor/10.7/access/reviews/admin/navigate.md,docs/auditor/10.7/access-governance/access-reviews/index.md
docs/auditor/10.7/access/reviews/admin/overview.md,docs/auditor/10.7/access-governance/access-reviews/index.md
docs/auditor/10.7/access/reviews/admin/troubleshooting/credentialpasswords.md,docs/auditor/10.7/administration/health-monitoring/troubleshooting.md
docs/auditor/10.7/access/reviews/admin/troubleshooting/loglevel.md,docs/auditor/10.7/administration/health-monitoring/troubleshooting.md
docs/auditor/10.7/access/reviews/admin/troubleshooting/overview.md,docs/auditor/10.7/administration/health-monitoring/troubleshooting.md
docs/auditor/10.7/access/reviews/admin/troubleshooting/serviceaccount.md,docs/auditor/10.7/administration/health-monitoring/troubleshooting.md
docs/auditor/10.7/access/reviews/entitlementreviews/approvalprocess.md,docs/auditor/10.7/access-governance/access-reviews/review-process.md
docs/auditor/10.7/access/reviews/entitlementreviews/interface.md,docs/auditor/10.7/access-governance/access-reviews/managing-reviews.md
docs/auditor/10.7/access/reviews/entitlementreviews/overview.md,docs/auditor/10.7/access-governance/access-reviews/index.md
docs/auditor/10.7/access/reviews/entitlementreviews/pendingreviews.md,docs/auditor/10.7/access-governance/access-reviews/managing-reviews.md
docs/auditor/10.7/access/reviews/entitlementreviews/review/access.md,docs/auditor/10.7/access-governance/access-reviews/review-process.md
docs/auditor/10.7/access/reviews/entitlementreviews/review/membership.md,docs/auditor/10.7/access-governance/access-reviews/review-process.md
docs/auditor/10.7/access/reviews/entitlementreviews/reviewhistory.md,docs/auditor/10.7/access-governance/access-reviews/review-history.md
docs/auditor/10.7/access/reviews/entitlementreviews/reviewinstances.md,docs/auditor/10.7/access-governance/access-reviews/managing-reviews.md
docs/auditor/10.7/access/reviews/entitlementreviews/window/deletereview.md,docs/auditor/10.7/access-governance/access-reviews/managing-reviews.md
docs/auditor/10.7/access/reviews/entitlementreviews/window/renamereview.md,docs/auditor/10.7/access-governance/access-reviews/managing-reviews.md
docs/auditor/10.7/access/reviews/entitlementreviews/window/selectedresources.md,docs/auditor/10.7/access-governance/access-reviews/managing-reviews.md
docs/auditor/10.7/access/reviews/entitlementreviews/window/sendreminders.md,docs/auditor/10.7/access-governance/access-reviews/managing-reviews.md
docs/auditor/10.7/access/reviews/entitlementreviews/window/stopreview.md,docs/auditor/10.7/access-governance/access-reviews/managing-reviews.md
docs/auditor/10.7/access/reviews/entitlementreviews/window/viewresponses.md,docs/auditor/10.7/access-governance/access-reviews/managing-reviews.md
docs/auditor/10.7/access/reviews/entitlementreviews/wizard/create.md,docs/auditor/10.7/access-governance/access-reviews/creating-reviews.md
docs/auditor/10.7/access/reviews/installation/install.md,docs/auditor/10.7/access-governance/access-reviews/configuration.md
docs/auditor/10.7/access/reviews/installation/overview.md,docs/auditor/10.7/access-governance/access-reviews/configuration.md
docs/auditor/10.7/access/reviews/installation/secure.md,docs/auditor/10.7/access-governance/access-reviews/configuration.md
docs/auditor/10.7/access/reviews/installation/upgrade.md,docs/auditor/10.7/access-governance/access-reviews/configuration.md
docs/auditor/10.7/access/reviews/resourceowners/confirmation.md,docs/auditor/10.7/access-governance/resource-owners/confirmation-process.md
docs/auditor/10.7/access/reviews/resourceowners/email/confirmationrequest.md,docs/auditor/10.7/access-governance/resource-owners/confirmation-process.md
docs/auditor/10.7/access/reviews/resourceowners/interface.md,docs/auditor/10.7/access-governance/resource-owners/owner-management.md
docs/auditor/10.7/access/reviews/resourceowners/overview.md,docs/auditor/10.7/access-governance/resource-owners/index.md
docs/auditor/10.7/access/reviews/resourceowners/owneroverview.md,docs/auditor/10.7/access-governance/resource-owners/index.md
docs/auditor/10.7/access/reviews/resourceowners/window/addowner.md,docs/auditor/10.7/access-governance/resource-owners/owner-management.md
docs/auditor/10.7/access/reviews/resourceowners/window/confirmremoval.md,docs/auditor/10.7/access-governance/resource-owners/owner-management.md
docs/auditor/10.7/access/reviews/resourceowners/wizard/add.md,docs/auditor/10.7/access-governance/resource-owners/owner-management.md
docs/auditor/10.7/access/reviews/resourceowners/wizard/confirm.md,docs/auditor/10.7/access-governance/resource-owners/confirmation-process.md
docs/auditor/10.7/access/reviews/resourceowners/wizard/update.md,docs/auditor/10.7/access-governance/resource-owners/owner-management.md
docs/auditor/10.7/auditor/accessreviews.md,docs/auditor/10.7/access-governance/access-reviews/index.md
docs/auditor/10.7/auditor/accessreviewsconfiguration.md,docs/auditor/10.7/access-governance/access-reviews/configuration.md
docs/auditor/10.7/auditor/accountlockoutexaminer/configure.md,docs/auditor/10.7/tools-and-utilities/account-lockout-examiner.md
docs/auditor/10.7/auditor/accountlockoutexaminer/overview.md,docs/auditor/10.7/tools-and-utilities/account-lockout-examiner.md
docs/auditor/10.7/auditor/accountlockoutexaminer/usage.md,docs/auditor/10.7/tools-and-utilities/account-lockout-examiner.md
docs/auditor/10.7/auditor/addon/alienvaultusm/automate.md,docs/auditor/10.7/integrations/siem-integrations/alienvault.md
docs/auditor/10.7/auditor/addon/alienvaultusm/collecteddata.md,docs/auditor/10.7/integrations/siem-integrations/alienvault.md
docs/auditor/10.7/auditor/addon/alienvaultusm/deployment.md,docs/auditor/10.7/integrations/siem-integrations/alienvault.md
docs/auditor/10.7/auditor/addon/alienvaultusm/integrationeventlog.md,docs/auditor/10.7/integrations/siem-integrations/alienvault.md
docs/auditor/10.7/auditor/addon/alienvaultusm/overview.md,docs/auditor/10.7/integrations/siem-integrations/alienvault.md
docs/auditor/10.7/auditor/addon/alienvaultusm/parameters.md,docs/auditor/10.7/integrations/siem-integrations/alienvault.md
docs/auditor/10.7/auditor/addon/alienvaultusm/powershell.md,docs/auditor/10.7/integrations/siem-integrations/alienvault.md
docs/auditor/10.7/auditor/addon/amazonwebservices/automate.md,docs/auditor/10.7/integrations/cloud-platforms/aws.md
docs/auditor/10.7/auditor/addon/amazonwebservices/collecteddata.md,docs/auditor/10.7/integrations/cloud-platforms/aws.md
docs/auditor/10.7/auditor/addon/amazonwebservices/deployment.md,docs/auditor/10.7/integrations/cloud-platforms/aws.md
docs/auditor/10.7/auditor/addon/amazonwebservices/overview.md,docs/auditor/10.7/integrations/cloud-platforms/aws.md
docs/auditor/10.7/auditor/addon/amazonwebservices/parameters.md,docs/auditor/10.7/integrations/cloud-platforms/aws.md
docs/auditor/10.7/auditor/addon/amazonwebservices/powershell.md,docs/auditor/10.7/integrations/cloud-platforms/aws.md
docs/auditor/10.7/auditor/addon/arcsight/automate.md,docs/auditor/10.7/integrations/siem-integrations/arcsight.md
docs/auditor/10.7/auditor/addon/arcsight/collecteddata.md,docs/auditor/10.7/integrations/siem-integrations/arcsight.md
docs/auditor/10.7/auditor/addon/arcsight/deployment.md,docs/auditor/10.7/integrations/siem-integrations/arcsight.md
docs/auditor/10.7/auditor/addon/arcsight/overview.md,docs/auditor/10.7/integrations/siem-integrations/arcsight.md
docs/auditor/10.7/auditor/addon/arcsight/parameters.md,docs/auditor/10.7/integrations/siem-integrations/arcsight.md
docs/auditor/10.7/auditor/addon/arcsight/powershell.md,docs/auditor/10.7/integrations/siem-integrations/arcsight.md
docs/auditor/10.7/auditor/addon/azurefiles/collecteddata.md,docs/auditor/10.7/integrations/cloud-platforms/azure-files.md
docs/auditor/10.7/auditor/addon/azurefiles/deployment.md,docs/auditor/10.7/integrations/cloud-platforms/azure-files.md
docs/auditor/10.7/auditor/addon/azurefiles/overview.md,docs/auditor/10.7/integrations/cloud-platforms/azure-files.md
docs/auditor/10.7/auditor/addon/connectwise/configure.md,docs/auditor/10.7/integrations/ticketing-systems/connectwise.md
docs/auditor/10.7/auditor/addon/connectwise/connectionticketingsettings.md,docs/auditor/10.7/integrations/ticketing-systems/connectwise.md
docs/auditor/10.7/auditor/addon/connectwise/deployment.md,docs/auditor/10.7/integrations/ticketing-systems/connectwise.md
docs/auditor/10.7/auditor/addon/connectwise/msp.md,docs/auditor/10.7/integrations/ticketing-systems/connectwise.md
docs/auditor/10.7/auditor/addon/connectwise/operationalsettings.md,docs/auditor/10.7/integrations/ticketing-systems/connectwise.md
docs/auditor/10.7/auditor/addon/connectwise/overview.md,docs/auditor/10.7/integrations/ticketing-systems/connectwise.md
docs/auditor/10.7/auditor/addon/copilot/collecteddata.md,docs/auditor/10.7/integrations/file-storage/copilot.md
docs/auditor/10.7/auditor/addon/copilot/deployment.md,docs/auditor/10.7/integrations/file-storage/copilot.md
docs/auditor/10.7/auditor/addon/copilot/overview.md,docs/auditor/10.7/integrations/file-storage/copilot.md
docs/auditor/10.7/auditor/addon/ctera/collecteddata.md,docs/auditor/10.7/integrations/file-storage/ctera.md
docs/auditor/10.7/auditor/addon/ctera/install.md,docs/auditor/10.7/integrations/file-storage/ctera.md
docs/auditor/10.7/auditor/addon/ctera/overview.md,docs/auditor/10.7/integrations/file-storage/ctera.md
docs/auditor/10.7/auditor/addon/ctera/parameters.md,docs/auditor/10.7/integrations/file-storage/ctera.md
docs/auditor/10.7/auditor/addon/cyberark/collecteddata.md,docs/auditor/10.7/integrations/security-platforms/cyberark.md
docs/auditor/10.7/auditor/addon/cyberark/deployment.md,docs/auditor/10.7/integrations/security-platforms/cyberark.md
docs/auditor/10.7/auditor/addon/cyberark/monitoredevents.md,docs/auditor/10.7/integrations/security-platforms/cyberark.md
docs/auditor/10.7/auditor/addon/cyberark/overview.md,docs/auditor/10.7/integrations/security-platforms/cyberark.md
docs/auditor/10.7/auditor/addon/cyberark/parameters.md,docs/auditor/10.7/integrations/security-platforms/cyberark.md
docs/auditor/10.7/auditor/addon/cyberark/troubleshooting.md,docs/auditor/10.7/integrations/security-platforms/cyberark.md
docs/auditor/10.7/auditor/addon/hyperv/collecteddata.md,docs/auditor/10.7/integrations/specialized-integrations/hyperv.md
docs/auditor/10.7/auditor/addon/hyperv/deployment.md,docs/auditor/10.7/integrations/specialized-integrations/hyperv.md
docs/auditor/10.7/auditor/addon/hyperv/install.md,docs/auditor/10.7/integrations/specialized-integrations/hyperv.md
docs/auditor/10.7/auditor/addon/hyperv/monitoredevents.md,docs/auditor/10.7/integrations/specialized-integrations/hyperv.md
docs/auditor/10.7/auditor/addon/hyperv/overview.md,docs/auditor/10.7/integrations/specialized-integrations/hyperv.md
docs/auditor/10.7/auditor/addon/hyperv/parameters.md,docs/auditor/10.7/integrations/specialized-integrations/hyperv.md
docs/auditor/10.7/auditor/addon/hyperv/troubleshooting.md,docs/auditor/10.7/integrations/specialized-integrations/hyperv.md
docs/auditor/10.7/auditor/addon/ibmqradar/automate.md,docs/auditor/10.7/integrations/siem-integrations/qradar.md
docs/auditor/10.7/auditor/addon/ibmqradar/collecteddata.md,docs/auditor/10.7/integrations/siem-integrations/qradar.md
docs/auditor/10.7/auditor/addon/ibmqradar/deployment.md,docs/auditor/10.7/integrations/siem-integrations/qradar.md
docs/auditor/10.7/auditor/addon/ibmqradar/integrationeventlog.md,docs/auditor/10.7/integrations/siem-integrations/qradar.md
docs/auditor/10.7/auditor/addon/ibmqradar/overview.md,docs/auditor/10.7/integrations/siem-integrations/qradar.md
docs/auditor/10.7/auditor/addon/ibmqradar/parameters.md,docs/auditor/10.7/integrations/siem-integrations/qradar.md
docs/auditor/10.7/auditor/addon/ibmqradar/powershell.md,docs/auditor/10.7/integrations/siem-integrations/qradar.md
docs/auditor/10.7/auditor/addon/intelsecurity/automate.md,docs/auditor/10.7/integrations/siem-integrations/generic-siem.md
docs/auditor/10.7/auditor/addon/intelsecurity/collecteddata.md,docs/auditor/10.7/integrations/siem-integrations/generic-siem.md
docs/auditor/10.7/auditor/addon/intelsecurity/deployment.md,docs/auditor/10.7/integrations/siem-integrations/generic-siem.md
docs/auditor/10.7/auditor/addon/intelsecurity/integrationeventlog.md,docs/auditor/10.7/integrations/siem-integrations/generic-siem.md
docs/auditor/10.7/auditor/addon/intelsecurity/overview.md,docs/auditor/10.7/integrations/siem-integrations/generic-siem.md
docs/auditor/10.7/auditor/addon/intelsecurity/parameters.md,docs/auditor/10.7/integrations/siem-integrations/generic-siem.md
docs/auditor/10.7/auditor/addon/intelsecurity/powershell.md,docs/auditor/10.7/integrations/siem-integrations/generic-siem.md
docs/auditor/10.7/auditor/addon/linux/collecteddata.md,docs/auditor/10.7/integrations/specialized-integrations/linux-systems.md
docs/auditor/10.7/auditor/addon/linux/install.md,docs/auditor/10.7/integrations/specialized-integrations/linux-systems.md
docs/auditor/10.7/auditor/addon/linux/overview.md,docs/auditor/10.7/integrations/specialized-integrations/linux-systems.md
docs/auditor/10.7/auditor/addon/linux/parameters.md,docs/auditor/10.7/integrations/specialized-integrations/linux-systems.md
docs/auditor/10.7/auditor/addon/logrhythm/automate.md,docs/auditor/10.7/integrations/siem-integrations/logrhythm.md
docs/auditor/10.7/auditor/addon/logrhythm/collecteddata.md,docs/auditor/10.7/integrations/siem-integrations/logrhythm.md
docs/auditor/10.7/auditor/addon/logrhythm/deployment.md,docs/auditor/10.7/integrations/siem-integrations/logrhythm.md
docs/auditor/10.7/auditor/addon/logrhythm/integrationeventlog.md,docs/auditor/10.7/integrations/siem-integrations/logrhythm.md
docs/auditor/10.7/auditor/addon/logrhythm/overview.md,docs/auditor/10.7/integrations/siem-integrations/logrhythm.md
docs/auditor/10.7/auditor/addon/logrhythm/parameters.md,docs/auditor/10.7/integrations/siem-integrations/logrhythm.md
docs/auditor/10.7/auditor/addon/logrhythm/powershell.md,docs/auditor/10.7/integrations/siem-integrations/logrhythm.md
docs/auditor/10.7/auditor/addon/nasuni/collecteddata.md,docs/auditor/10.7/integrations/file-storage/nasuni.md
docs/auditor/10.7/auditor/addon/nasuni/install.md,docs/auditor/10.7/integrations/file-storage/nasuni.md
docs/auditor/10.7/auditor/addon/nasuni/overview.md,docs/auditor/10.7/integrations/file-storage/nasuni.md
docs/auditor/10.7/auditor/addon/nasuni/parameters.md,docs/auditor/10.7/integrations/file-storage/nasuni.md
docs/auditor/10.7/auditor/addon/nutanixahv/collecteddata.md,docs/auditor/10.7/integrations/specialized-integrations/nutanix-ahv.md
docs/auditor/10.7/auditor/addon/nutanixahv/deployment.md,docs/auditor/10.7/integrations/specialized-integrations/nutanix-ahv.md
docs/auditor/10.7/auditor/addon/nutanixahv/install.md,docs/auditor/10.7/integrations/specialized-integrations/nutanix-ahv.md
docs/auditor/10.7/auditor/addon/nutanixahv/monitoredevents.md,docs/auditor/10.7/integrations/specialized-integrations/nutanix-ahv.md
docs/auditor/10.7/auditor/addon/nutanixahv/overview.md,docs/auditor/10.7/integrations/specialized-integrations/nutanix-ahv.md
docs/auditor/10.7/auditor/addon/nutanixahv/troubleshooting.md,docs/auditor/10.7/integrations/specialized-integrations/nutanix-ahv.md
docs/auditor/10.7/auditor/addon/okta/collecteddata.md,docs/auditor/10.7/integrations/security-platforms/okta.md
docs/auditor/10.7/auditor/addon/okta/deployment.md,docs/auditor/10.7/integrations/security-platforms/okta.md
docs/auditor/10.7/auditor/addon/okta/overview.md,docs/auditor/10.7/integrations/security-platforms/okta.md
docs/auditor/10.7/auditor/addon/overview.md,docs/auditor/10.7/integrations/index.md
docs/auditor/10.7/auditor/addon/privilegeduserlinux/collecteddata.md,docs/auditor/10.7/integrations/specialized-integrations/privileged-users.md
docs/auditor/10.7/auditor/addon/privilegeduserlinux/install.md,docs/auditor/10.7/integrations/specialized-integrations/privileged-users.md
docs/auditor/10.7/auditor/addon/privilegeduserlinux/overview.md,docs/auditor/10.7/integrations/specialized-integrations/privileged-users.md
docs/auditor/10.7/auditor/addon/privilegeduserlinux/parameters.md,docs/auditor/10.7/integrations/specialized-integrations/privileged-users.md
docs/auditor/10.7/auditor/addon/qumulo/collecteddata.md,docs/auditor/10.7/data-sources/file-servers/qumulo.md
docs/auditor/10.7/auditor/addon/qumulo/deployment.md,docs/auditor/10.7/data-sources/file-servers/qumulo.md
docs/auditor/10.7/auditor/addon/qumulo/monitoringscope.md,docs/auditor/10.7/data-sources/file-servers/qumulo.md
docs/auditor/10.7/auditor/addon/qumulo/overview.md,docs/auditor/10.7/data-sources/file-servers/qumulo.md
docs/auditor/10.7/auditor/addon/qumulo/parameters.md,docs/auditor/10.7/data-sources/file-servers/qumulo.md
docs/auditor/10.7/auditor/addon/qumulo/troubleshooting.md,docs/auditor/10.7/data-sources/file-servers/qumulo.md
docs/auditor/10.7/auditor/addon/radius/automate.md,docs/auditor/10.7/integrations/specialized-integrations/radius.md
docs/auditor/10.7/auditor/addon/radius/collecteddata.md,docs/auditor/10.7/integrations/specialized-integrations/radius.md
docs/auditor/10.7/auditor/addon/radius/customreport.md,docs/auditor/10.7/integrations/specialized-integrations/radius.md
docs/auditor/10.7/auditor/addon/radius/deployment.md,docs/auditor/10.7/integrations/specialized-integrations/radius.md
docs/auditor/10.7/auditor/addon/radius/overview.md,docs/auditor/10.7/integrations/specialized-integrations/radius.md
docs/auditor/10.7/auditor/addon/radius/parameters.md,docs/auditor/10.7/integrations/specialized-integrations/radius.md
docs/auditor/10.7/auditor/addon/radius/powershell.md,docs/auditor/10.7/integrations/specialized-integrations/radius.md
docs/auditor/10.7/auditor/addon/radius/troubleshooting.md,docs/auditor/10.7/integrations/specialized-integrations/radius.md
docs/auditor/10.7/auditor/addon/servicenow/alerts.md,docs/auditor/10.7/integrations/ticketing-systems/servicenow.md
docs/auditor/10.7/auditor/addon/servicenow/deployment.md,docs/auditor/10.7/integrations/ticketing-systems/servicenow.md
docs/auditor/10.7/auditor/addon/servicenow/install.md,docs/auditor/10.7/integrations/ticketing-systems/servicenow.md
docs/auditor/10.7/auditor/addon/servicenow/overview.md,docs/auditor/10.7/integrations/ticketing-systems/servicenow.md
docs/auditor/10.7/auditor/addon/servicenow/parameters.md,docs/auditor/10.7/integrations/ticketing-systems/servicenow.md
docs/auditor/10.7/auditor/addon/siem/activityrecords.md,docs/auditor/10.7/integrations/siem-integrations/generic-siem.md
docs/auditor/10.7/auditor/addon/siem/collecteddata.md,docs/auditor/10.7/integrations/siem-integrations/generic-siem.md
docs/auditor/10.7/auditor/addon/siem/configure.md,docs/auditor/10.7/integrations/siem-integrations/generic-siem.md
docs/auditor/10.7/auditor/addon/siem/deployment.md,docs/auditor/10.7/integrations/siem-integrations/generic-siem.md
docs/auditor/10.7/auditor/addon/siem/integrationeventlog.md,docs/auditor/10.7/integrations/siem-integrations/generic-siem.md
docs/auditor/10.7/auditor/addon/siem/overview.md,docs/auditor/10.7/integrations/siem-integrations/generic-siem.md
docs/auditor/10.7/auditor/addon/siemcefexport/automate.md,docs/auditor/10.7/integrations/siem-integrations/generic-siem.md
docs/auditor/10.7/auditor/addon/siemcefexport/collecteddata.md,docs/auditor/10.7/integrations/siem-integrations/generic-siem.md
docs/auditor/10.7/auditor/addon/siemcefexport/deployment.md,docs/auditor/10.7/integrations/siem-integrations/generic-siem.md
docs/auditor/10.7/auditor/addon/siemcefexport/overview.md,docs/auditor/10.7/integrations/siem-integrations/generic-siem.md
docs/auditor/10.7/auditor/addon/siemcefexport/parameters.md,docs/auditor/10.7/integrations/siem-integrations/generic-siem.md
docs/auditor/10.7/auditor/addon/siemcefexport/powershell.md,docs/auditor/10.7/integrations/siem-integrations/generic-siem.md
docs/auditor/10.7/auditor/addon/siemeventlogexport/automate.md,docs/auditor/10.7/integrations/siem-integrations/generic-siem.md
docs/auditor/10.7/auditor/addon/siemeventlogexport/collecteddata.md,docs/auditor/10.7/integrations/siem-integrations/generic-siem.md
docs/auditor/10.7/auditor/addon/siemeventlogexport/deployment.md,docs/auditor/10.7/integrations/siem-integrations/generic-siem.md
docs/auditor/10.7/auditor/addon/siemeventlogexport/overview.md,docs/auditor/10.7/integrations/siem-integrations/generic-siem.md
docs/auditor/10.7/auditor/addon/siemeventlogexport/parameters.md,docs/auditor/10.7/integrations/siem-integrations/generic-siem.md
docs/auditor/10.7/auditor/addon/siemeventlogexport/powershell.md,docs/auditor/10.7/integrations/siem-integrations/generic-siem.md
docs/auditor/10.7/auditor/addon/solarwinds/automate.md,docs/auditor/10.7/integrations/siem-integrations/solarwinds.md
docs/auditor/10.7/auditor/addon/solarwinds/collecteddata.md,docs/auditor/10.7/integrations/siem-integrations/solarwinds.md
docs/auditor/10.7/auditor/addon/solarwinds/deployment.md,docs/auditor/10.7/integrations/siem-integrations/solarwinds.md
docs/auditor/10.7/auditor/addon/solarwinds/integrationeventlog.md,docs/auditor/10.7/integrations/siem-integrations/solarwinds.md
docs/auditor/10.7/auditor/addon/solarwinds/overview.md,docs/auditor/10.7/integrations/siem-integrations/solarwinds.md
docs/auditor/10.7/auditor/addon/solarwinds/parameters.md,docs/auditor/10.7/integrations/siem-integrations/solarwinds.md
docs/auditor/10.7/auditor/addon/solarwinds/powershell.md,docs/auditor/10.7/integrations/siem-integrations/solarwinds.md
docs/auditor/10.7/auditor/addon/splunk/collecteddata.md,docs/auditor/10.7/integrations/siem-integrations/splunk.md
docs/auditor/10.7/auditor/addon/splunk/datamodelmap.md,docs/auditor/10.7/integrations/siem-integrations/splunk.md
docs/auditor/10.7/auditor/addon/splunk/deployment.md,docs/auditor/10.7/integrations/siem-integrations/splunk.md
docs/auditor/10.7/auditor/addon/splunk/overview.md,docs/auditor/10.7/integrations/siem-integrations/splunk.md
docs/auditor/10.7/auditor/addon/splunk/troubleshooting.md,docs/auditor/10.7/integrations/siem-integrations/splunk.md
docs/auditor/10.7/auditor/admin/alertsettings/create.md,docs/auditor/10.7/administration/alerts-and-notifications/creating-alerts.md
docs/auditor/10.7/auditor/admin/alertsettings/createeventlog.md,docs/auditor/10.7/administration/alerts-and-notifications/alert-types.md
docs/auditor/10.7/auditor/admin/alertsettings/createhealthstatus.md,docs/auditor/10.7/administration/alerts-and-notifications/alert-types.md
docs/auditor/10.7/auditor/admin/alertsettings/createmailboxaccess.md,docs/auditor/10.7/administration/alerts-and-notifications/alert-types.md
docs/auditor/10.7/auditor/admin/alertsettings/dashboard.md,docs/auditor/10.7/administration/alerts-and-notifications/index.md
docs/auditor/10.7/auditor/admin/alertsettings/manage.md,docs/auditor/10.7/administration/alerts-and-notifications/creating-alerts.md
docs/auditor/10.7/auditor/admin/alertsettings/overview.md,docs/auditor/10.7/administration/alerts-and-notifications/index.md
docs/auditor/10.7/auditor/admin/alertsettings/responseaction.md,docs/auditor/10.7/administration/alerts-and-notifications/response-actions.md
docs/auditor/10.7/auditor/admin/behavioranomalies/dashboard.md,docs/auditor/10.7/administration/behavior-analytics/anomaly-detection.md
docs/auditor/10.7/auditor/admin/behavioranomalies/overview.md,docs/auditor/10.7/administration/behavior-analytics/index.md
docs/auditor/10.7/auditor/admin/behavioranomalies/tips.md,docs/auditor/10.7/administration/behavior-analytics/anomaly-detection.md
docs/auditor/10.7/auditor/admin/behavioranomalies/userprofile.md,docs/auditor/10.7/administration/behavior-analytics/user-profiles.md
docs/auditor/10.7/auditor/admin/compliancemappings.md,docs/auditor/10.7/reference/compliance-mappings.md
docs/auditor/10.7/auditor/admin/healthstatus/dashboard/activityrecordstatistics.md,docs/auditor/10.7/administration/health-monitoring/activity-statistics.md
docs/auditor/10.7/auditor/admin/healthstatus/dashboard/databasestatistics.md,docs/auditor/10.7/administration/health-monitoring/database-statistics.md
docs/auditor/10.7/auditor/admin/healthstatus/dashboard/healthlog.md,docs/auditor/10.7/administration/health-monitoring/health-dashboard.md
docs/auditor/10.7/auditor/admin/healthstatus/dashboard/monitoringoverview.md,docs/auditor/10.7/administration/health-monitoring/health-dashboard.md
docs/auditor/10.7/auditor/admin/healthstatus/dashboard/overview.md,docs/auditor/10.7/administration/health-monitoring/health-dashboard.md
docs/auditor/10.7/auditor/admin/healthstatus/networktrafficcompression.md,docs/auditor/10.7/reference/network-traffic-compression.md
docs/auditor/10.7/auditor/admin/healthstatus/overview.md,docs/auditor/10.7/administration/health-monitoring/index.md
docs/auditor/10.7/auditor/admin/healthstatus/selfaudit.md,docs/auditor/10.7/administration/health-monitoring/health-dashboard.md
docs/auditor/10.7/auditor/admin/healthstatus/summaryemail.md,docs/auditor/10.7/administration/alerts-and-notifications/email-notifications.md
docs/auditor/10.7/auditor/admin/healthstatus/troubleshooting.md,docs/auditor/10.7/administration/health-monitoring/troubleshooting.md
docs/auditor/10.7/auditor/admin/monitoringplans/activedirectory/overview.md,docs/auditor/10.7/monitoring-plans/monitoring-scope.md
docs/auditor/10.7/auditor/admin/monitoringplans/activedirectory/scope.md,docs/auditor/10.7/monitoring-plans/monitoring-scope.md
docs/auditor/10.7/auditor/admin/monitoringplans/activitysummaryemail.md,docs/auditor/10.7/administration/alerts-and-notifications/email-notifications.md
docs/auditor/10.7/auditor/admin/monitoringplans/adfs.md,docs/auditor/10.7/monitoring-plans/monitoring-scope.md
docs/auditor/10.7/auditor/admin/monitoringplans/create.md,docs/auditor/10.7/monitoring-plans/creating-monitoring-plans.md
docs/auditor/10.7/auditor/admin/monitoringplans/dataaccounts.md,docs/auditor/10.7/monitoring-plans/data-collection-accounts.md
docs/auditor/10.7/auditor/admin/monitoringplans/datasources.md,docs/auditor/10.7/monitoring-plans/index.md
docs/auditor/10.7/auditor/admin/monitoringplans/delegation.md,docs/auditor/10.7/monitoring-plans/delegation-and-permissions.md
docs/auditor/10.7/auditor/admin/monitoringplans/exchange/overview.md,docs/auditor/10.7/monitoring-plans/monitoring-scope.md
docs/auditor/10.7/auditor/admin/monitoringplans/exchange/scope.md,docs/auditor/10.7/monitoring-plans/monitoring-scope.md
docs/auditor/10.7/auditor/admin/monitoringplans/exchangeonline/overview.md,docs/auditor/10.7/monitoring-plans/monitoring-scope.md
docs/auditor/10.7/auditor/admin/monitoringplans/exchangeonline/scope.md,docs/auditor/10.7/monitoring-plans/monitoring-scope.md
docs/auditor/10.7/auditor/admin/monitoringplans/fileservers/overview.md,docs/auditor/10.7/monitoring-plans/monitoring-scope.md
docs/auditor/10.7/auditor/admin/monitoringplans/fileservers/scope.md,docs/auditor/10.7/monitoring-plans/monitoring-scope.md
docs/auditor/10.7/auditor/admin/monitoringplans/fileservers/windowsfileserver.md,docs/auditor/10.7/monitoring-plans/monitoring-scope.md
docs/auditor/10.7/auditor/admin/monitoringplans/finetune.md,docs/auditor/10.7/monitoring-plans/fine-tuning.md
docs/auditor/10.7/auditor/admin/monitoringplans/grouppolicy/overview.md,docs/auditor/10.7/monitoring-plans/monitoring-scope.md
docs/auditor/10.7/auditor/admin/monitoringplans/grouppolicy/scope.md,docs/auditor/10.7/monitoring-plans/monitoring-scope.md
docs/auditor/10.7/auditor/admin/monitoringplans/logonactivity/overview.md,docs/auditor/10.7/monitoring-plans/monitoring-scope.md
docs/auditor/10.7/auditor/admin/monitoringplans/logonactivity/scope.md,docs/auditor/10.7/monitoring-plans/monitoring-scope.md
docs/auditor/10.7/auditor/admin/monitoringplans/microsoftentraid/overview.md,docs/auditor/10.7/monitoring-plans/monitoring-scope.md
docs/auditor/10.7/auditor/admin/monitoringplans/microsoftentraid/scope.md,docs/auditor/10.7/monitoring-plans/monitoring-scope.md
docs/auditor/10.7/auditor/admin/monitoringplans/msteams.md,docs/auditor/10.7/monitoring-plans/monitoring-scope.md
docs/auditor/10.7/auditor/admin/monitoringplans/networkdevices.md,docs/auditor/10.7/monitoring-plans/monitoring-scope.md
docs/auditor/10.7/auditor/admin/monitoringplans/oracle/overview.md,docs/auditor/10.7/monitoring-plans/monitoring-scope.md
docs/auditor/10.7/auditor/admin/monitoringplans/oracle/scope.md,docs/auditor/10.7/monitoring-plans/monitoring-scope.md
docs/auditor/10.7/auditor/admin/monitoringplans/overview.md,docs/auditor/10.7/monitoring-plans/index.md
docs/auditor/10.7/auditor/admin/monitoringplans/sharepoint/overview.md,docs/auditor/10.7/monitoring-plans/monitoring-scope.md
docs/auditor/10.7/auditor/admin/monitoringplans/sharepoint/scope.md,docs/auditor/10.7/monitoring-plans/monitoring-scope.md
docs/auditor/10.7/auditor/admin/monitoringplans/sharepointonline/overview.md,docs/auditor/10.7/monitoring-plans/monitoring-scope.md
docs/auditor/10.7/auditor/admin/monitoringplans/sharepointonline/scope.md,docs/auditor/10.7/monitoring-plans/monitoring-scope.md
docs/auditor/10.7/auditor/admin/monitoringplans/sqlserver/items.md,docs/auditor/10.7/monitoring-plans/monitoring-scope.md
docs/auditor/10.7/auditor/admin/monitoringplans/sqlserver/overview.md,docs/auditor/10.7/monitoring-plans/monitoring-scope.md
docs/auditor/10.7/auditor/admin/monitoringplans/sqlserver/scope.md,docs/auditor/10.7/monitoring-plans/monitoring-scope.md
docs/auditor/10.7/auditor/admin/monitoringplans/useractivity/overview.md,docs/auditor/10.7/monitoring-plans/monitoring-scope.md
docs/auditor/10.7/auditor/admin/monitoringplans/vmware/overview.md,docs/auditor/10.7/monitoring-plans/monitoring-scope.md
docs/auditor/10.7/auditor/admin/monitoringplans/vmware/scope.md,docs/auditor/10.7/monitoring-plans/monitoring-scope.md
docs/auditor/10.7/auditor/admin/monitoringplans/windows/overview.md,docs/auditor/10.7/monitoring-plans/monitoring-scope.md
docs/auditor/10.7/auditor/admin/monitoringplans/windows/scope.md,docs/auditor/10.7/monitoring-plans/monitoring-scope.md
docs/auditor/10.7/auditor/admin/navigation/customizeexamples.md,docs/auditor/10.7/administration/navigation-and-ui/customizing-dashboard.md
docs/auditor/10.7/auditor/admin/navigation/customizefavorite.md,docs/auditor/10.7/administration/navigation-and-ui/favorites-and-search.md
docs/auditor/10.7/auditor/admin/navigation/customizehome.md,docs/auditor/10.7/administration/navigation-and-ui/customizing-dashboard.md
docs/auditor/10.7/auditor/admin/navigation/overview.md,docs/auditor/10.7/administration/navigation-and-ui/index.md
docs/auditor/10.7/auditor/admin/navigation/recommendations.md,docs/auditor/10.7/administration/navigation-and-ui/customizing-dashboard.md
docs/auditor/10.7/auditor/admin/overview.md,docs/auditor/10.7/administration/index.md
docs/auditor/10.7/auditor/admin/reports/overview.md,docs/auditor/10.7/reporting/index.md
docs/auditor/10.7/auditor/admin/reports/reviewstatus.md,docs/auditor/10.7/reporting/report-management/review-status-reports.md
docs/auditor/10.7/auditor/admin/reports/types/activity.md,docs/auditor/10.7/reporting/report-types/activity-reports.md
docs/auditor/10.7/auditor/admin/reports/types/compliance.md,docs/auditor/10.7/reporting/report-types/compliance-reports.md
docs/auditor/10.7/auditor/admin/reports/types/custom.md,docs/auditor/10.7/reporting/report-types/custom-reports.md
docs/auditor/10.7/auditor/admin/reports/types/datadiscoveryclassification.md,docs/auditor/10.7/reporting/data-discovery/classification-reports.md
docs/auditor/10.7/auditor/admin/reports/types/enterprise.md,docs/auditor/10.7/reporting/report-types/enterprise-reports.md
docs/auditor/10.7/auditor/admin/reports/types/organizationlevel.md,docs/auditor/10.7/reporting/report-types/enterprise-reports.md
docs/auditor/10.7/auditor/admin/reports/types/overview.md,docs/auditor/10.7/reporting/report-types/index.md
docs/auditor/10.7/auditor/admin/reports/types/stateintime/activedirectory.md,docs/auditor/10.7/reporting/report-types/state-in-time-reports.md
docs/auditor/10.7/auditor/admin/reports/types/stateintime/fileservers.md,docs/auditor/10.7/reporting/report-types/state-in-time-reports.md
docs/auditor/10.7/auditor/admin/reports/types/stateintime/microsoftentraid.md,docs/auditor/10.7/reporting/report-types/state-in-time-reports.md
docs/auditor/10.7/auditor/admin/reports/types/stateintime/overview.md,docs/auditor/10.7/reporting/report-types/state-in-time-reports.md
docs/auditor/10.7/auditor/admin/reports/types/stateintime/sqlaccountpermissions.md,docs/auditor/10.7/reporting/report-types/state-in-time-reports.md
docs/auditor/10.7/auditor/admin/reports/types/stateintime/sqldatabases.md,docs/auditor/10.7/reporting/report-types/state-in-time-reports.md
docs/auditor/10.7/auditor/admin/reports/types/stateintime/sqlmeansgranted.md,docs/auditor/10.7/reporting/report-types/state-in-time-reports.md
docs/auditor/10.7/auditor/admin/reports/types/stateintime/sqlobjectpermissions.md,docs/auditor/10.7/reporting/report-types/state-in-time-reports.md
docs/auditor/10.7/auditor/admin/reports/types/stateintime/sqlroles.md,docs/auditor/10.7/reporting/report-types/state-in-time-reports.md
docs/auditor/10.7/auditor/admin/reports/types/stateintime/sqlserveroverview.md,docs/auditor/10.7/reporting/report-types/state-in-time-reports.md
docs/auditor/10.7/auditor/admin/reports/types/stateintime/vmware.md,docs/auditor/10.7/reporting/report-types/state-in-time-reports.md
docs/auditor/10.7/auditor/admin/reports/types/userbehavior.md,docs/auditor/10.7/reporting/report-types/user-behavior-reports.md
docs/auditor/10.7/auditor/admin/reports/video.md,docs/auditor/10.7/reporting/report-management/viewing-reports.md
docs/auditor/10.7/auditor/admin/reports/view.md,docs/auditor/10.7/reporting/report-management/viewing-reports.md
docs/auditor/10.7/auditor/admin/riskassessment/dashboard.md,docs/auditor/10.7/administration/risk-assessment/risk-dashboard.md
docs/auditor/10.7/auditor/admin/riskassessment/levels.md,docs/auditor/10.7/administration/risk-assessment/risk-levels.md
docs/auditor/10.7/auditor/admin/riskassessment/overview.md,docs/auditor/10.7/administration/risk-assessment/index.md
docs/auditor/10.7/auditor/admin/search/filteradvanced.md,docs/auditor/10.7/administration/navigation-and-ui/favorites-and-search.md
docs/auditor/10.7/auditor/admin/search/filtersimple.md,docs/auditor/10.7/administration/navigation-and-ui/favorites-and-search.md
docs/auditor/10.7/auditor/admin/search/overview.md,docs/auditor/10.7/administration/navigation-and-ui/favorites-and-search.md
docs/auditor/10.7/auditor/admin/settings/about.md,docs/auditor/10.7/administration/system-settings/general-settings.md
docs/auditor/10.7/auditor/admin/settings/auditdatabase.md,docs/auditor/10.7/administration/system-settings/audit-database.md
docs/auditor/10.7/auditor/admin/settings/custombrand.md,docs/auditor/10.7/administration/system-settings/custom-branding.md
docs/auditor/10.7/auditor/admin/settings/general.md,docs/auditor/10.7/administration/system-settings/general-settings.md
docs/auditor/10.7/auditor/admin/settings/integrations.md,docs/auditor/10.7/administration/system-settings/index.md
docs/auditor/10.7/auditor/admin/settings/investigations.md,docs/auditor/10.7/administration/system-settings/general-settings.md
docs/auditor/10.7/auditor/admin/settings/licenses.md,docs/auditor/10.7/installation-and-setup/initial-configuration/license-activation.md
docs/auditor/10.7/auditor/admin/settings/longtermarchive.md,docs/auditor/10.7/administration/system-settings/long-term-archive.md
docs/auditor/10.7/auditor/admin/settings/notifications.md,docs/auditor/10.7/administration/alerts-and-notifications/email-notifications.md
docs/auditor/10.7/auditor/admin/settings/overview.md,docs/auditor/10.7/administration/system-settings/index.md
docs/auditor/10.7/auditor/admin/settings/privilegesecure.md,docs/auditor/10.7/administration/system-settings/general-settings.md
docs/auditor/10.7/auditor/admin/settings/sensitivedatadiscovery.md,docs/auditor/10.7/administration/system-settings/sensitive-data-discovery.md
docs/auditor/10.7/auditor/admin/subscriptions/create.md,docs/auditor/10.7/reporting/report-management/report-subscriptions.md
docs/auditor/10.7/auditor/admin/subscriptions/manage.md,docs/auditor/10.7/reporting/report-management/report-subscriptions.md
docs/auditor/10.7/auditor/admin/subscriptions/overview.md,docs/auditor/10.7/reporting/report-management/report-subscriptions.md
docs/auditor/10.7/auditor/api/activityrecordreference.md,docs/auditor/10.7/api-reference/activity-records/record-reference.md
docs/auditor/10.7/auditor/api/compatibility.md,docs/auditor/10.7/api-reference/index.md
docs/auditor/10.7/auditor/api/endpoints.md,docs/auditor/10.7/api-reference/endpoints.md
docs/auditor/10.7/auditor/api/errordetails.md,docs/auditor/10.7/api-reference/error-handling.md
docs/auditor/10.7/auditor/api/filteroperators.md,docs/auditor/10.7/api-reference/filtering-and-queries/filter-operators.md
docs/auditor/10.7/auditor/api/filterreference.md,docs/auditor/10.7/api-reference/filtering-and-queries/filter-reference.md
docs/auditor/10.7/auditor/api/filters.md,docs/auditor/10.7/api-reference/filtering-and-queries/index.md
docs/auditor/10.7/auditor/api/overview.md,docs/auditor/10.7/api-reference/index.md
docs/auditor/10.7/auditor/api/ports.md,docs/auditor/10.7/api-reference/getting-started.md
docs/auditor/10.7/auditor/api/postdata/activityrecords.md,docs/auditor/10.7/api-reference/activity-records/writing-records.md
docs/auditor/10.7/auditor/api/postdata/continuationmark.md,docs/auditor/10.7/api-reference/activity-records/searching-records.md
docs/auditor/10.7/auditor/api/postdata/overview.md,docs/auditor/10.7/api-reference/activity-records/index.md
docs/auditor/10.7/auditor/api/postdata/searchparameters.md,docs/auditor/10.7/api-reference/activity-records/searching-records.md
docs/auditor/10.7/auditor/api/prerequisites.md,docs/auditor/10.7/api-reference/getting-started.md
docs/auditor/10.7/auditor/api/responsestatuscodes.md,docs/auditor/10.7/api-reference/error-handling.md
docs/auditor/10.7/auditor/api/retrieveactivityrecords.md,docs/auditor/10.7/api-reference/activity-records/retrieving-records.md
docs/auditor/10.7/auditor/api/searchactivityrecords.md,docs/auditor/10.7/api-reference/activity-records/searching-records.md
docs/auditor/10.7/auditor/api/security.md,docs/auditor/10.7/api-reference/authentication-and-security.md
docs/auditor/10.7/auditor/api/writeactivityrecords.md,docs/auditor/10.7/api-reference/activity-records/writing-records.md
docs/auditor/10.7/auditor/configuration/activedirectory/additional.md,docs/auditor/10.7/data-sources/active-directory/advanced-settings.md
docs/auditor/10.7/auditor/configuration/activedirectory/advancedpolicy.md,docs/auditor/10.7/data-sources/active-directory/audit-policies.md
docs/auditor/10.7/auditor/configuration/activedirectory/automatic.md,docs/auditor/10.7/data-sources/active-directory/automatic-configuration.md
docs/auditor/10.7/auditor/configuration/activedirectory/basicpolicy.md,docs/auditor/10.7/data-sources/active-directory/audit-policies.md
docs/auditor/10.7/auditor/configuration/activedirectory/manual.md,docs/auditor/10.7/data-sources/active-directory/manual-configuration.md
docs/auditor/10.7/auditor/configuration/activedirectory/objectlevel.md,docs/auditor/10.7/data-sources/active-directory/audit-policies.md
docs/auditor/10.7/auditor/configuration/activedirectory/overview.md,docs/auditor/10.7/data-sources/active-directory/index.md
docs/auditor/10.7/auditor/configuration/activedirectory/permissions.md,docs/auditor/10.7/data-sources/active-directory/permissions-and-access.md
docs/auditor/10.7/auditor/configuration/activedirectory/permissionsregistrykeys.md,docs/auditor/10.7/data-sources/active-directory/permissions-and-access.md
docs/auditor/10.7/auditor/configuration/activedirectory/ports.md,docs/auditor/10.7/installation-and-setup/system-requirements/ports-and-networking.md
docs/auditor/10.7/auditor/configuration/activedirectory/registrykey.md,docs/auditor/10.7/data-sources/active-directory/advanced-settings.md
docs/auditor/10.7/auditor/configuration/activedirectory/securitylog.md,docs/auditor/10.7/data-sources/active-directory/audit-policies.md
docs/auditor/10.7/auditor/configuration/activedirectory/tombstone.md,docs/auditor/10.7/data-sources/active-directory/advanced-settings.md
docs/auditor/10.7/auditor/configuration/activedirectoryfederatedservices/overview.md,docs/auditor/10.7/data-sources/infrastructure/index.md
docs/auditor/10.7/auditor/configuration/activedirectoryfederatedservices/permissions.md,docs/auditor/10.7/data-sources/infrastructure/index.md
docs/auditor/10.7/auditor/configuration/activedirectoryfederatedservices/ports.md,docs/auditor/10.7/installation-and-setup/system-requirements/ports-and-networking.md
docs/auditor/10.7/auditor/configuration/exchange/auditlog.md,docs/auditor/10.7/data-sources/infrastructure/exchange-server.md
docs/auditor/10.7/auditor/configuration/exchange/mailboxacccess.md,docs/auditor/10.7/data-sources/infrastructure/exchange-server.md
docs/auditor/10.7/auditor/configuration/exchange/overview.md,docs/auditor/10.7/data-sources/infrastructure/exchange-server.md
docs/auditor/10.7/auditor/configuration/exchange/permissions.md,docs/auditor/10.7/data-sources/infrastructure/exchange-server.md
docs/auditor/10.7/auditor/configuration/exchange/ports.md,docs/auditor/10.7/installation-and-setup/system-requirements/ports-and-networking.md
docs/auditor/10.7/auditor/configuration/exchange/registrykey.md,docs/auditor/10.7/data-sources/infrastructure/exchange-server.md
docs/auditor/10.7/auditor/configuration/fileservers/delldatastorage/cifss.md,docs/auditor/10.7/data-sources/file-servers/dell-emc.md
docs/auditor/10.7/auditor/configuration/fileservers/delldatastorage/objectaccess.md,docs/auditor/10.7/data-sources/file-servers/dell-emc.md
docs/auditor/10.7/auditor/configuration/fileservers/delldatastorage/overview.md,docs/auditor/10.7/data-sources/file-servers/dell-emc.md
docs/auditor/10.7/auditor/configuration/fileservers/delldatastorage/permissions.md,docs/auditor/10.7/data-sources/file-servers/dell-emc.md
docs/auditor/10.7/auditor/configuration/fileservers/delldatastorage/ports.md,docs/auditor/10.7/installation-and-setup/system-requirements/ports-and-networking.md
docs/auditor/10.7/auditor/configuration/fileservers/delldatastorage/securityeventlog.md,docs/auditor/10.7/data-sources/file-servers/dell-emc.md
docs/auditor/10.7/auditor/configuration/fileservers/dellisilon/compliance.md,docs/auditor/10.7/data-sources/file-servers/dell-emc.md
docs/auditor/10.7/auditor/configuration/fileservers/dellisilon/normal.md,docs/auditor/10.7/data-sources/file-servers/dell-emc.md
docs/auditor/10.7/auditor/configuration/fileservers/dellisilon/overview.md,docs/auditor/10.7/data-sources/file-servers/dell-emc.md
docs/auditor/10.7/auditor/configuration/fileservers/dellisilon/permissions.md,docs/auditor/10.7/data-sources/file-servers/dell-emc.md
docs/auditor/10.7/auditor/configuration/fileservers/dellisilon/ports.md,docs/auditor/10.7/installation-and-setup/system-requirements/ports-and-networking.md
docs/auditor/10.7/auditor/configuration/fileservers/netappcmode/cifs.md,docs/auditor/10.7/data-sources/file-servers/netapp.md
docs/auditor/10.7/auditor/configuration/fileservers/netappcmode/eventcategories.md,docs/auditor/10.7/data-sources/file-servers/netapp.md
docs/auditor/10.7/auditor/configuration/fileservers/netappcmode/overview.md,docs/auditor/10.7/data-sources/file-servers/netapp.md
docs/auditor/10.7/auditor/configuration/fileservers/netappcmode/permissions.md,docs/auditor/10.7/data-sources/file-servers/netapp.md
docs/auditor/10.7/auditor/configuration/fileservers/netappcmode/ports.md,docs/auditor/10.7/installation-and-setup/system-requirements/ports-and-networking.md
docs/auditor/10.7/auditor/configuration/fileservers/netappcmode/servicepolicy.md,docs/auditor/10.7/data-sources/file-servers/netapp.md
docs/auditor/10.7/auditor/configuration/fileservers/netappcmode/webaccess.md,docs/auditor/10.7/data-sources/file-servers/netapp.md
docs/auditor/10.7/auditor/configuration/fileservers/nutanix/notificationpolicy.md,docs/auditor/10.7/data-sources/file-servers/nutanix.md
docs/auditor/10.7/auditor/configuration/fileservers/nutanix/overview.md,docs/auditor/10.7/data-sources/file-servers/nutanix.md
docs/auditor/10.7/auditor/configuration/fileservers/nutanix/partnerserver.md,docs/auditor/10.7/data-sources/file-servers/nutanix.md
docs/auditor/10.7/auditor/configuration/fileservers/nutanix/permissions.md,docs/auditor/10.7/data-sources/file-servers/nutanix.md
docs/auditor/10.7/auditor/configuration/fileservers/nutanix/ports.md,docs/auditor/10.7/installation-and-setup/system-requirements/ports-and-networking.md
docs/auditor/10.7/auditor/configuration/fileservers/nutanix/useraccount.md,docs/auditor/10.7/data-sources/file-servers/nutanix.md
docs/auditor/10.7/auditor/configuration/fileservers/overview.md,docs/auditor/10.7/data-sources/file-servers/index.md
docs/auditor/10.7/auditor/configuration/fileservers/qumulo/configure.md,docs/auditor/10.7/data-sources/file-servers/qumulo.md
docs/auditor/10.7/auditor/configuration/fileservers/qumulo/overview.md,docs/auditor/10.7/data-sources/file-servers/qumulo.md
docs/auditor/10.7/auditor/configuration/fileservers/qumulo/permissions.md,docs/auditor/10.7/data-sources/file-servers/qumulo.md
docs/auditor/10.7/auditor/configuration/fileservers/qumulo/ports.md,docs/auditor/10.7/installation-and-setup/system-requirements/ports-and-networking.md
docs/auditor/10.7/auditor/configuration/fileservers/synology/configure.md,docs/auditor/10.7/data-sources/file-servers/synology.md
docs/auditor/10.7/auditor/configuration/fileservers/synology/overview.md,docs/auditor/10.7/data-sources/file-servers/synology.md
docs/auditor/10.7/auditor/configuration/fileservers/synology/permissions.md,docs/auditor/10.7/data-sources/file-servers/synology.md
docs/auditor/10.7/auditor/configuration/fileservers/synology/ports.md,docs/auditor/10.7/installation-and-setup/system-requirements/ports-and-networking.md
docs/auditor/10.7/auditor/configuration/fileservers/windows/advancedpolicy.md,docs/auditor/10.7/data-sources/file-servers/windows-file-servers.md
docs/auditor/10.7/auditor/configuration/fileservers/windows/configuration.md,docs/auditor/10.7/data-sources/file-servers/windows-file-servers.md
docs/auditor/10.7/auditor/configuration/fileservers/windows/eventlog.md,docs/auditor/10.7/data-sources/file-servers/windows-file-servers.md
docs/auditor/10.7/auditor/configuration/fileservers/windows/localpolicy.md,docs/auditor/10.7/data-sources/file-servers/windows-file-servers.md
docs/auditor/10.7/auditor/configuration/fileservers/windows/objectlevel.md,docs/auditor/10.7/data-sources/file-servers/windows-file-servers.md
docs/auditor/10.7/auditor/configuration/fileservers/windows/overview.md,docs/auditor/10.7/data-sources/file-servers/windows-file-servers.md
docs/auditor/10.7/auditor/configuration/fileservers/windows/permissions.md,docs/auditor/10.7/data-sources/file-servers/windows-file-servers.md
docs/auditor/10.7/auditor/configuration/fileservers/windows/ports.md,docs/auditor/10.7/installation-and-setup/system-requirements/ports-and-networking.md
docs/auditor/10.7/auditor/configuration/fileservers/windows/remoteregistryservice.md,docs/auditor/10.7/data-sources/file-servers/windows-file-servers.md
docs/auditor/10.7/auditor/configuration/grouppolicy/overview.md,docs/auditor/10.7/data-sources/infrastructure/group-policy.md
docs/auditor/10.7/auditor/configuration/grouppolicy/permissions.md,docs/auditor/10.7/data-sources/infrastructure/group-policy.md
docs/auditor/10.7/auditor/configuration/grouppolicy/ports.md,docs/auditor/10.7/installation-and-setup/system-requirements/ports-and-networking.md
docs/auditor/10.7/auditor/configuration/grouppolicy/registrykey.md,docs/auditor/10.7/data-sources/infrastructure/group-policy.md
docs/auditor/10.7/auditor/configuration/logonactivity/advancedpolicy.md,docs/auditor/10.7/data-sources/infrastructure/logon-activity.md
docs/auditor/10.7/auditor/configuration/logonactivity/basicpolicy.md,docs/auditor/10.7/data-sources/infrastructure/logon-activity.md
docs/auditor/10.7/auditor/configuration/logonactivity/overview.md,docs/auditor/10.7/data-sources/infrastructure/logon-activity.md
docs/auditor/10.7/auditor/configuration/logonactivity/permissions.md,docs/auditor/10.7/data-sources/infrastructure/logon-activity.md
docs/auditor/10.7/auditor/configuration/logonactivity/ports.md,docs/auditor/10.7/installation-and-setup/system-requirements/ports-and-networking.md
docs/auditor/10.7/auditor/configuration/logonactivity/securityeventlog.md,docs/auditor/10.7/data-sources/infrastructure/logon-activity.md
docs/auditor/10.7/auditor/configuration/microsoft365/exchangeonline/manifest.md,docs/auditor/10.7/data-sources/microsoft-365/exchange-online.md
docs/auditor/10.7/auditor/configuration/microsoft365/exchangeonline/manualconfig.md,docs/auditor/10.7/data-sources/microsoft-365/exchange-online.md
docs/auditor/10.7/auditor/configuration/microsoft365/exchangeonline/modernauth.md,docs/auditor/10.7/data-sources/microsoft-365/exchange-online.md
docs/auditor/10.7/auditor/configuration/microsoft365/exchangeonline/overview.md,docs/auditor/10.7/data-sources/microsoft-365/exchange-online.md
docs/auditor/10.7/auditor/configuration/microsoft365/exchangeonline/permissions.md,docs/auditor/10.7/data-sources/microsoft-365/exchange-online.md
docs/auditor/10.7/auditor/configuration/microsoft365/exchangeonline/ports.md,docs/auditor/10.7/installation-and-setup/system-requirements/ports-and-networking.md
docs/auditor/10.7/auditor/configuration/microsoft365/microsoftentraid/basicauth.md,docs/auditor/10.7/data-sources/microsoft-365/azure-entra-id.md
docs/auditor/10.7/auditor/configuration/microsoft365/microsoftentraid/manifest.md,docs/auditor/10.7/data-sources/microsoft-365/azure-entra-id.md
docs/auditor/10.7/auditor/configuration/microsoft365/microsoftentraid/modernauth.md,docs/auditor/10.7/data-sources/microsoft-365/azure-entra-id.md
docs/auditor/10.7/auditor/configuration/microsoft365/microsoftentraid/overview.md,docs/auditor/10.7/data-sources/microsoft-365/azure-entra-id.md
docs/auditor/10.7/auditor/configuration/microsoft365/microsoftentraid/permissions.md,docs/auditor/10.7/data-sources/microsoft-365/azure-entra-id.md
docs/auditor/10.7/auditor/configuration/microsoft365/microsoftentraid/ports.md,docs/auditor/10.7/installation-and-setup/system-requirements/ports-and-networking.md
docs/auditor/10.7/auditor/configuration/microsoft365/overview.md,docs/auditor/10.7/data-sources/microsoft-365/index.md
docs/auditor/10.7/auditor/configuration/microsoft365/sharepointonline/basicauth.md,docs/auditor/10.7/data-sources/microsoft-365/sharepoint-online.md
docs/auditor/10.7/auditor/configuration/microsoft365/sharepointonline/manifest.md,docs/auditor/10.7/data-sources/microsoft-365/sharepoint-online.md
docs/auditor/10.7/auditor/configuration/microsoft365/sharepointonline/modernauth.md,docs/auditor/10.7/data-sources/microsoft-365/sharepoint-online.md
docs/auditor/10.7/auditor/configuration/microsoft365/sharepointonline/overview.md,docs/auditor/10.7/data-sources/microsoft-365/sharepoint-online.md
docs/auditor/10.7/auditor/configuration/microsoft365/sharepointonline/permissions.md,docs/auditor/10.7/data-sources/microsoft-365/sharepoint-online.md
docs/auditor/10.7/auditor/configuration/microsoft365/sharepointonline/ports.md,docs/auditor/10.7/installation-and-setup/system-requirements/ports-and-networking.md
docs/auditor/10.7/auditor/configuration/microsoft365/teams/basicauth.md,docs/auditor/10.7/data-sources/microsoft-365/microsoft-teams.md
docs/auditor/10.7/auditor/configuration/microsoft365/teams/manifest.md,docs/auditor/10.7/data-sources/microsoft-365/microsoft-teams.md
docs/auditor/10.7/auditor/configuration/microsoft365/teams/modernauth.md,docs/auditor/10.7/data-sources/microsoft-365/microsoft-teams.md
docs/auditor/10.7/auditor/configuration/microsoft365/teams/overview.md,docs/auditor/10.7/data-sources/microsoft-365/microsoft-teams.md
docs/auditor/10.7/auditor/configuration/microsoft365/teams/permissions.md,docs/auditor/10.7/data-sources/microsoft-365/microsoft-teams.md
docs/auditor/10.7/auditor/configuration/microsoft365/teams/ports.md,docs/auditor/10.7/installation-and-setup/system-requirements/ports-and-networking.md
docs/auditor/10.7/auditor/configuration/networkdevices/ciscoasa.md,docs/auditor/10.7/data-sources/network-devices/supported-devices.md
docs/auditor/10.7/auditor/configuration/networkdevices/ciscoios.md,docs/auditor/10.7/data-sources/network-devices/supported-devices.md
docs/auditor/10.7/auditor/configuration/networkdevices/ciscomerakidashboard.md,docs/auditor/10.7/data-sources/network-devices/supported-devices.md
docs/auditor/10.7/auditor/configuration/networkdevices/ciscomerakidevices.md,docs/auditor/10.7/data-sources/network-devices/supported-devices.md
docs/auditor/10.7/auditor/configuration/networkdevices/fortinetfortigate.md,docs/auditor/10.7/data-sources/network-devices/supported-devices.md
docs/auditor/10.7/auditor/configuration/networkdevices/hpearuba.md,docs/auditor/10.7/data-sources/network-devices/supported-devices.md
docs/auditor/10.7/auditor/configuration/networkdevices/juniper.md,docs/auditor/10.7/data-sources/network-devices/supported-devices.md
docs/auditor/10.7/auditor/configuration/networkdevices/overview.md,docs/auditor/10.7/data-sources/network-devices/index.md
docs/auditor/10.7/auditor/configuration/networkdevices/paloalto.md,docs/auditor/10.7/data-sources/network-devices/supported-devices.md
docs/auditor/10.7/auditor/configuration/networkdevices/permissions.md,docs/auditor/10.7/data-sources/network-devices/supported-devices.md
docs/auditor/10.7/auditor/configuration/networkdevices/ports.md,docs/auditor/10.7/installation-and-setup/system-requirements/ports-and-networking.md
docs/auditor/10.7/auditor/configuration/networkdevices/pulsesecure.md,docs/auditor/10.7/data-sources/network-devices/supported-devices.md
docs/auditor/10.7/auditor/configuration/networkdevices/sonicwall.md,docs/auditor/10.7/data-sources/network-devices/supported-devices.md
docs/auditor/10.7/auditor/configuration/oracle/database.md,docs/auditor/10.7/data-sources/databases/oracle.md
docs/auditor/10.7/auditor/configuration/oracle/finegained.md,docs/auditor/10.7/data-sources/databases/oracle.md
docs/auditor/10.7/auditor/configuration/oracle/overview.md,docs/auditor/10.7/data-sources/databases/oracle.md
docs/auditor/10.7/auditor/configuration/oracle/permissions.md,docs/auditor/10.7/data-sources/databases/oracle.md
docs/auditor/10.7/auditor/configuration/oracle/ports.md,docs/auditor/10.7/installation-and-setup/system-requirements/ports-and-networking.md
docs/auditor/10.7/auditor/configuration/oracle/unified.md,docs/auditor/10.7/data-sources/databases/oracle.md
docs/auditor/10.7/auditor/configuration/oracle/verifysettings.md,docs/auditor/10.7/data-sources/databases/oracle.md
docs/auditor/10.7/auditor/configuration/oracle/wallet.md,docs/auditor/10.7/data-sources/databases/oracle.md
docs/auditor/10.7/auditor/configuration/overview.md,docs/auditor/10.7/data-sources/index.md
docs/auditor/10.7/auditor/configuration/sharepoint/overview.md,docs/auditor/10.7/data-sources/infrastructure/sharepoint-server.md
docs/auditor/10.7/auditor/configuration/sharepoint/permissions.md,docs/auditor/10.7/data-sources/infrastructure/sharepoint-server.md
docs/auditor/10.7/auditor/configuration/sharepoint/ports.md,docs/auditor/10.7/installation-and-setup/system-requirements/ports-and-networking.md
docs/auditor/10.7/auditor/configuration/sqlserver/configuringtracelogging.md,docs/auditor/10.7/data-sources/databases/sql-server.md
docs/auditor/10.7/auditor/configuration/sqlserver/overview.md,docs/auditor/10.7/data-sources/databases/sql-server.md
docs/auditor/10.7/auditor/configuration/sqlserver/permissions.md,docs/auditor/10.7/data-sources/databases/sql-server.md
docs/auditor/10.7/auditor/configuration/sqlserver/ports.md,docs/auditor/10.7/installation-and-setup/system-requirements/ports-and-networking.md
docs/auditor/10.7/auditor/configuration/useractivity/datacollection.md,docs/auditor/10.7/installation-and-setup/installation/sharepoint-core-service.md
docs/auditor/10.7/auditor/configuration/useractivity/overview.md,docs/auditor/10.7/installation-and-setup/installation/sharepoint-core-service.md
docs/auditor/10.7/auditor/configuration/useractivity/ports.md,docs/auditor/10.7/installation-and-setup/system-requirements/ports-and-networking.md
docs/auditor/10.7/auditor/configuration/useractivity/videorecordings.md,docs/auditor/10.7/installation-and-setup/installation/sharepoint-core-service.md
docs/auditor/10.7/auditor/configuration/vmware/overview.md,docs/auditor/10.7/data-sources/infrastructure/vmware.md
docs/auditor/10.7/auditor/configuration/vmware/permissions.md,docs/auditor/10.7/data-sources/infrastructure/vmware.md
docs/auditor/10.7/auditor/configuration/vmware/ports.md,docs/auditor/10.7/installation-and-setup/system-requirements/ports-and-networking.md
docs/auditor/10.7/auditor/configuration/windowsserver/advancedpolicy.md,docs/auditor/10.7/data-sources/infrastructure/windows-servers.md
docs/auditor/10.7/auditor/configuration/windowsserver/dhcp.md,docs/auditor/10.7/data-sources/infrastructure/windows-servers.md
docs/auditor/10.7/auditor/configuration/windowsserver/eventlog.md,docs/auditor/10.7/data-sources/infrastructure/windows-servers.md
docs/auditor/10.7/auditor/configuration/windowsserver/iis.md,docs/auditor/10.7/data-sources/infrastructure/windows-servers.md
docs/auditor/10.7/auditor/configuration/windowsserver/localpolicy.md,docs/auditor/10.7/data-sources/infrastructure/windows-servers.md
docs/auditor/10.7/auditor/configuration/windowsserver/overview.md,docs/auditor/10.7/data-sources/infrastructure/windows-servers.md
docs/auditor/10.7/auditor/configuration/windowsserver/permissions.md,docs/auditor/10.7/data-sources/infrastructure/windows-servers.md
docs/auditor/10.7/auditor/configuration/windowsserver/persistenttimestamp.md,docs/auditor/10.7/data-sources/infrastructure/windows-servers.md
docs/auditor/10.7/auditor/configuration/windowsserver/ports.md,docs/auditor/10.7/installation-and-setup/system-requirements/ports-and-networking.md
docs/auditor/10.7/auditor/configuration/windowsserver/registrykey.md,docs/auditor/10.7/data-sources/infrastructure/windows-servers.md
docs/auditor/10.7/auditor/configuration/windowsserver/remoteregistry.md,docs/auditor/10.7/data-sources/infrastructure/windows-servers.md
docs/auditor/10.7/auditor/configuration/windowsserver/removablestorage.md,docs/auditor/10.7/data-sources/infrastructure/windows-servers.md
docs/auditor/10.7/auditor/configuration/windowsserver/windowsregistry.md,docs/auditor/10.7/data-sources/infrastructure/windows-servers.md
docs/auditor/10.7/auditor/gettingstarted.md,docs/auditor/10.7/getting-started/quick-start-guide.md
docs/auditor/10.7/auditor/install/automatelogin.md,docs/auditor/10.7/installation-and-setup/installation/standard-installation.md
docs/auditor/10.7/auditor/install/firstlaunch.md,docs/auditor/10.7/installation-and-setup/initial-configuration/first-launch.md
docs/auditor/10.7/auditor/install/overview.md,docs/auditor/10.7/installation-and-setup/installation/index.md
docs/auditor/10.7/auditor/install/sharepointcoreservice.md,docs/auditor/10.7/installation-and-setup/installation/sharepoint-core-service.md
docs/auditor/10.7/auditor/install/silentmode.md,docs/auditor/10.7/installation-and-setup/installation/silent-installation.md
docs/auditor/10.7/auditor/install/uninstall.md,docs/auditor/10.7/installation-and-setup/upgrade-and-migration/uninstallation.md
docs/auditor/10.7/auditor/install/upgrade.md,docs/auditor/10.7/installation-and-setup/upgrade-and-migration/upgrade-guide.md
docs/auditor/10.7/auditor/install/useractivitycoreservice.md,docs/auditor/10.7/installation-and-setup/installation/sharepoint-core-service.md
docs/auditor/10.7/auditor/install/viagrouppolicy.md,docs/auditor/10.7/installation-and-setup/installation/group-policy-deployment.md
docs/auditor/10.7/auditor/install/virtualappliance/configure.md,docs/auditor/10.7/installation-and-setup/installation/virtual-appliance.md
docs/auditor/10.7/auditor/install/virtualappliance/importhyperv.md,docs/auditor/10.7/installation-and-setup/installation/virtual-appliance.md
docs/auditor/10.7/auditor/install/virtualappliance/importvmware.md,docs/auditor/10.7/installation-and-setup/installation/virtual-appliance.md
docs/auditor/10.7/auditor/install/virtualappliance/overview.md,docs/auditor/10.7/installation-and-setup/installation/virtual-appliance.md
docs/auditor/10.7/auditor/overview.md,docs/auditor/10.7/getting-started/product-overview.md
docs/auditor/10.7/auditor/producteditions.md,docs/auditor/10.7/getting-started/product-editions.md
docs/auditor/10.7/auditor/requirements/console.md,docs/auditor/10.7/installation-and-setup/system-requirements/hardware-and-software.md
docs/auditor/10.7/auditor/requirements/deploymentscenarios.md,docs/auditor/10.7/reference/deployment-scenarios.md
docs/auditor/10.7/auditor/requirements/gmsa.md,docs/auditor/10.7/installation-and-setup/system-requirements/service-accounts.md
docs/auditor/10.7/auditor/requirements/longtermarchive.md,docs/auditor/10.7/installation-and-setup/system-requirements/hardware-and-software.md
docs/auditor/10.7/auditor/requirements/monitoredobjecttypes.md,docs/auditor/10.7/reference/monitored-object-types.md
docs/auditor/10.7/auditor/requirements/overview.md,docs/auditor/10.7/installation-and-setup/system-requirements/index.md
docs/auditor/10.7/auditor/requirements/ports.md,docs/auditor/10.7/installation-and-setup/system-requirements/ports-and-networking.md
docs/auditor/10.7/auditor/requirements/serviceaccount.md,docs/auditor/10.7/installation-and-setup/system-requirements/service-accounts.md
docs/auditor/10.7/auditor/requirements/software.md,docs/auditor/10.7/installation-and-setup/system-requirements/hardware-and-software.md
docs/auditor/10.7/auditor/requirements/sqlserver.md,docs/auditor/10.7/installation-and-setup/system-requirements/sql-server-requirements.md
docs/auditor/10.7/auditor/requirements/sqlserverreportingservice.md,docs/auditor/10.7/installation-and-setup/system-requirements/sql-server-requirements.md
docs/auditor/10.7/auditor/requirements/supporteddatasources.md,docs/auditor/10.7/installation-and-setup/system-requirements/supported-data-sources.md
docs/auditor/10.7/auditor/requirements/workingfolder.md,docs/auditor/10.7/installation-and-setup/system-requirements/hardware-and-software.md
docs/auditor/10.7/auditor/tools/auditconfigurationassistant.md,docs/auditor/10.7/tools-and-utilities/audit-configuration-assistant.md
docs/auditor/10.7/auditor/tools/eventlog.md,docs/auditor/10.7/tools-and-utilities/event-log-tools.md
docs/auditor/10.7/auditor/tools/eventlogmanager.md,docs/auditor/10.7/tools-and-utilities/event-log-tools.md
docs/auditor/10.7/auditor/tools/inactiveusertracker.md,docs/auditor/10.7/tools-and-utilities/inactive-user-tracker.md
docs/auditor/10.7/auditor/tools/objectrestoread.md,docs/auditor/10.7/tools-and-utilities/object-restore-for-ad.md
docs/auditor/10.7/auditor/tools/overview.md,docs/auditor/10.7/tools-and-utilities/index.md
docs/auditor/10.7/auditor/tools/passwordexpirationnotifier/monitoringscope.md,docs/auditor/10.7/tools-and-utilities/password-expiration-notifier.md
docs/auditor/10.7/auditor/tools/passwordexpirationnotifier/overview.md,docs/auditor/10.7/tools-and-utilities/password-expiration-notifier.md
docs/auditor/10.7/auditor/tools/passwordexpirationnotifier/ports.md,docs/auditor/10.7/tools-and-utilities/password-expiration-notifier.md
docs/auditor/10.7/auditor/tools/windowseventlogs.md,docs/auditor/10.7/tools-and-utilities/event-log-tools.md
docs/auditor/10.7/auditor/whatsnew.md,docs/auditor/10.7/getting-started/whats-new.md
docs/auditor/10.7/index.md,docs/auditor/10.7/index.md
