docs/endpointprotector/5.9.4/index.md,docs/endpointprotector/5.9.4/index.md
docs/endpointprotector/5.9.4/endpointprotector/overview.md,docs/endpointprotector/5.9.4/overview.md
docs/endpointprotector/5.9.4/endpointprotector/whatsnew.md,docs/endpointprotector/5.9.4/whats-new.md
docs/endpointprotector/5.9.4/endpointprotector/gettingstarted.md,docs/endpointprotector/5.9.4/getting-started/index.md
docs/endpointprotector/5.9.4/endpointprotector/requirements/overview.md,docs/endpointprotector/5.9.4/getting-started/requirements.md
docs/endpointprotector/5.9.4/endpointprotector/requirements/client.md,docs/endpointprotector/5.9.4/reference/client-requirements.md
docs/endpointprotector/5.9.4/endpointprotector/requirements/components.md,docs/endpointprotector/5.9.4/getting-started/components.md
docs/endpointprotector/5.9.4/endpointprotector/requirements/formats.md,docs/endpointprotector/5.9.4/reference/file-formats.md
docs/endpointprotector/5.9.4/endpointprotector/serverclientcommunication.md,docs/endpointprotector/5.9.4/getting-started/server-client-communication.md
docs/endpointprotector/5.9.4/endpointprotector/install/overview.md,docs/endpointprotector/5.9.4/installation/index.md
docs/endpointprotector/5.9.4/endpointprotector/install/setupwizard.md,docs/endpointprotector/5.9.4/getting-started/setup-wizard.md
docs/endpointprotector/5.9.4/endpointprotector/install/virtualappliance.md,docs/endpointprotector/5.9.4/installation/virtual-appliance.md
docs/endpointprotector/5.9.4/endpointprotector/install/vmwaretools.md,docs/endpointprotector/5.9.4/installation/virtualization-platforms/vmware.md
docs/endpointprotector/5.9.4/endpointprotector/install/hypervtools.md,docs/endpointprotector/5.9.4/installation/virtualization-platforms/hyper-v.md
docs/endpointprotector/5.9.4/endpointprotector/install/citrixxenserver.md,docs/endpointprotector/5.9.4/installation/virtualization-platforms/citrix-xenserver.md
docs/endpointprotector/5.9.4/endpointprotector/install/oraclevm.md,docs/endpointprotector/5.9.4/installation/virtualization-platforms/oracle-vm.md
docs/endpointprotector/5.9.4/endpointprotector/configuration/overview.md,docs/endpointprotector/5.9.4/installation/cloud-deployment/index.md
docs/endpointprotector/5.9.4/endpointprotector/configuration/amazonwebservices/amazon.md,docs/endpointprotector/5.9.4/installation/cloud-deployment/amazon-web-services.md
docs/endpointprotector/5.9.4/endpointprotector/configuration/amazonwebservices/awsdeployment.md,docs/endpointprotector/5.9.4/installation/cloud-deployment/amazon-web-services.md
docs/endpointprotector/5.9.4/endpointprotector/configuration/amazonwebservices/awselasticip.md,docs/endpointprotector/5.9.4/installation/cloud-deployment/amazon-web-services.md
docs/endpointprotector/5.9.4/endpointprotector/configuration/azure/microsoftazure.md,docs/endpointprotector/5.9.4/installation/cloud-deployment/microsoft-azure.md
docs/endpointprotector/5.9.4/endpointprotector/configuration/azure/azuredeployment.md,docs/endpointprotector/5.9.4/installation/cloud-deployment/microsoft-azure.md
docs/endpointprotector/5.9.4/endpointprotector/configuration/azure/creatingdisk.md,docs/endpointprotector/5.9.4/installation/cloud-deployment/microsoft-azure.md
docs/endpointprotector/5.9.4/endpointprotector/configuration/azure/virtualmachine.md,docs/endpointprotector/5.9.4/installation/cloud-deployment/microsoft-azure.md
docs/endpointprotector/5.9.4/endpointprotector/configuration/googlecloudplatform/googlecloudplatform.md,docs/endpointprotector/5.9.4/installation/cloud-deployment/google-cloud-platform.md
docs/endpointprotector/5.9.4/endpointprotector/configuration/googlecloudplatform/gcpdeployment.md,docs/endpointprotector/5.9.4/installation/cloud-deployment/google-cloud-platform.md
docs/endpointprotector/5.9.4/endpointprotector/configuration/activedirectory/overview.md,docs/endpointprotector/5.9.4/installation/active-directory/index.md
docs/endpointprotector/5.9.4/endpointprotector/configuration/activedirectory/deployment.md,docs/endpointprotector/5.9.4/installation/active-directory/deployment.md
docs/endpointprotector/5.9.4/endpointprotector/configuration/activedirectory/creatingfilters.md,docs/endpointprotector/5.9.4/installation/active-directory/creating-filters.md
docs/endpointprotector/5.9.4/endpointprotector/configuration/activedirectory/linkinggpotoou.md,docs/endpointprotector/5.9.4/installation/active-directory/group-policy.md
docs/endpointprotector/5.9.4/endpointprotector/configuration/activedirectory/linkingwmitogpo.md,docs/endpointprotector/5.9.4/installation/active-directory/group-policy.md
docs/endpointprotector/5.9.4/endpointprotector/install/agent/overview.md,docs/endpointprotector/5.9.4/agent-deployment/index.md
docs/endpointprotector/5.9.4/endpointprotector/install/agent/intune/overview.md,docs/endpointprotector/5.9.4/agent-deployment/intune/index.md
docs/endpointprotector/5.9.4/endpointprotector/install/agent/intune/windowsdeployment.md,docs/endpointprotector/5.9.4/agent-deployment/intune/windows-deployment.md
docs/endpointprotector/5.9.4/endpointprotector/install/agent/intune/macosdeployment.md,docs/endpointprotector/5.9.4/agent-deployment/intune/macos-deployment.md
docs/endpointprotector/5.9.4/endpointprotector/install/agent/jamf/overview.md,docs/endpointprotector/5.9.4/agent-deployment/jamf/index.md
docs/endpointprotector/5.9.4/endpointprotector/install/agent/jamf/configuration.md,docs/endpointprotector/5.9.4/agent-deployment/jamf/configuration.md
docs/endpointprotector/5.9.4/endpointprotector/install/agent/jamf/creatingpolicy.md,docs/endpointprotector/5.9.4/agent-deployment/jamf/policy-creation.md
docs/endpointprotector/5.9.4/endpointprotector/install/agent/jamf/scriptandpackage.md,docs/endpointprotector/5.9.4/agent-deployment/jamf/configuration.md
docs/endpointprotector/5.9.4/endpointprotector/admin/overview.md,docs/endpointprotector/5.9.4/administration/index.md
docs/endpointprotector/5.9.4/endpointprotector/admin/serverlogin.md,docs/endpointprotector/5.9.4/administration/server-login.md
docs/endpointprotector/5.9.4/endpointprotector/admin/dashboard/systemdashboard.md,docs/endpointprotector/5.9.4/administration/dashboard.md
docs/endpointprotector/5.9.4/endpointprotector/admin/alerts/overview.md,docs/endpointprotector/5.9.4/administration/alerts.md
docs/endpointprotector/5.9.4/endpointprotector/admin/reportsanalysis/overview.md,docs/endpointprotector/5.9.4/administration/reports-and-analysis.md
docs/endpointprotector/5.9.4/endpointprotector/admin/directoryservices/overview.md,docs/endpointprotector/5.9.4/administration/directory-services.md
docs/endpointprotector/5.9.4/endpointprotector/admin/offlinetemporarypassword/overview.md,docs/endpointprotector/5.9.4/administration/offline-temporary-password.md
docs/endpointprotector/5.9.4/endpointprotector/admin/updates.md,docs/endpointprotector/5.9.4/administration/updates.md
docs/endpointprotector/5.9.4/endpointprotector/admin/devicecontrol/module.md,docs/endpointprotector/5.9.4/features/device-control/index.md
docs/endpointprotector/5.9.4/endpointprotector/admin/devicecontrol/globalsettings.md,docs/endpointprotector/5.9.4/features/device-control/global-settings.md
docs/endpointprotector/5.9.4/endpointprotector/admin/devicecontrol/globalrights.md,docs/endpointprotector/5.9.4/features/device-control/global-settings.md
docs/endpointprotector/5.9.4/endpointprotector/admin/devicecontrol/usersandgroups.md,docs/endpointprotector/5.9.4/features/device-control/users-and-groups.md
docs/endpointprotector/5.9.4/endpointprotector/admin/devicecontrol/devicesandcomputers.md,docs/endpointprotector/5.9.4/features/device-control/devices-and-computers.md
docs/endpointprotector/5.9.4/endpointprotector/admin/devicecontrol/customclasses.md,docs/endpointprotector/5.9.4/features/device-control/custom-classes.md
docs/endpointprotector/5.9.4/endpointprotector/admin/contentawareprotection/module.md,docs/endpointprotector/5.9.4/features/content-aware-protection/index.md
docs/endpointprotector/5.9.4/endpointprotector/admin/contentawareprotection/cappolicies.md,docs/endpointprotector/5.9.4/features/content-aware-protection/policies.md
docs/endpointprotector/5.9.4/endpointprotector/admin/contentawareprotection/contentdetection.md,docs/endpointprotector/5.9.4/features/content-aware-protection/content-detection.md
docs/endpointprotector/5.9.4/endpointprotector/admin/contentawareprotection/deeppacket.md,docs/endpointprotector/5.9.4/features/content-aware-protection/deep-packet-inspection.md
docs/endpointprotector/5.9.4/endpointprotector/admin/contentawareprotection/usecases.md,docs/endpointprotector/5.9.4/features/content-aware-protection/use-cases.md
docs/endpointprotector/5.9.4/endpointprotector/admin/enforcedencryption/module.md,docs/endpointprotector/5.9.4/features/enforced-encryption/index.md
docs/endpointprotector/5.9.4/endpointprotector/admin/ediscovery/module.md,docs/endpointprotector/5.9.4/features/ediscovery/index.md
docs/endpointprotector/5.9.4/endpointprotector/admin/denylistsallowlists/overview.md,docs/endpointprotector/5.9.4/features/denylists-and-allowlists/index.md
docs/endpointprotector/5.9.4/endpointprotector/admin/denylistsallowlists/denylists.md,docs/endpointprotector/5.9.4/features/denylists-and-allowlists/denylists.md
docs/endpointprotector/5.9.4/endpointprotector/admin/denylistsallowlists/allowlists.md,docs/endpointprotector/5.9.4/features/denylists-and-allowlists/allowlists.md
docs/endpointprotector/5.9.4/endpointprotector/admin/denylistsallowlists/urlcategories.md,docs/endpointprotector/5.9.4/features/denylists-and-allowlists/url-categories.md
docs/endpointprotector/5.9.4/endpointprotector/admin/systemconfiguration/overview.md,docs/endpointprotector/5.9.4/system-configuration/index.md
docs/endpointprotector/5.9.4/endpointprotector/admin/systemconfiguration/systemsettings.md,docs/endpointprotector/5.9.4/system-configuration/system-settings.md
docs/endpointprotector/5.9.4/endpointprotector/admin/systemconfiguration/systemsecurity.md,docs/endpointprotector/5.9.4/system-configuration/system-security.md
docs/endpointprotector/5.9.4/endpointprotector/admin/systemconfiguration/systemlicensing.md,docs/endpointprotector/5.9.4/system-configuration/system-licensing.md
docs/endpointprotector/5.9.4/endpointprotector/admin/systemconfiguration/adminandaccess.md,docs/endpointprotector/5.9.4/system-configuration/admin-and-access.md
docs/endpointprotector/5.9.4/endpointprotector/admin/systemconfiguration/singlesignon/singlesignon.md,docs/endpointprotector/5.9.4/system-configuration/single-sign-on/index.md
docs/endpointprotector/5.9.4/endpointprotector/admin/systemconfiguration/singlesignon/ssoazuread.md,docs/endpointprotector/5.9.4/system-configuration/single-sign-on/azure-ad.md
docs/endpointprotector/5.9.4/endpointprotector/admin/systemconfiguration/singlesignon/ssookta.md,docs/endpointprotector/5.9.4/system-configuration/single-sign-on/okta.md
docs/endpointprotector/5.9.4/endpointprotector/admin/systemmaintenance/overview.md,docs/endpointprotector/5.9.4/system-management/maintenance/index.md
docs/endpointprotector/5.9.4/endpointprotector/admin/systemmaintenance/backup.md,docs/endpointprotector/5.9.4/system-management/maintenance/backup.md
docs/endpointprotector/5.9.4/endpointprotector/admin/systemmaintenance/shadowrepository.md,docs/endpointprotector/5.9.4/system-management/maintenance/shadow-repository.md
docs/endpointprotector/5.9.4/endpointprotector/admin/appliance/overview.md,docs/endpointprotector/5.9.4/system-management/appliance-settings.md
docs/endpointprotector/5.9.4/endpointprotector/admin/systemparameters/overview.md,docs/endpointprotector/5.9.4/system-management/system-parameters.md
docs/endpointprotector/5.9.4/endpointprotector/admin/support/overview.md,docs/endpointprotector/5.9.4/support/index.md
