docs/endpointprotector/5.9.4.2/index.md,docs/endpointprotector/5.9.4.2/index.md
docs/endpointprotector/5.9.4.2/endpointprotector/overview.md,docs/endpointprotector/5.9.4.2/getting-started/index.md
docs/endpointprotector/5.9.4.2/endpointprotector/gettingstarted.md,docs/endpointprotector/5.9.4.2/getting-started/index.md
docs/endpointprotector/5.9.4.2/endpointprotector/whatsnew.md,docs/endpointprotector/5.9.4.2/getting-started/whats-new.md
docs/endpointprotector/5.9.4.2/endpointprotector/requirements/overview.md,docs/endpointprotector/5.9.4.2/getting-started/requirements.md
docs/endpointprotector/5.9.4.2/endpointprotector/requirements/client.md,docs/endpointprotector/5.9.4.2/getting-started/requirements.md
docs/endpointprotector/5.9.4.2/endpointprotector/requirements/components.md,docs/endpointprotector/5.9.4.2/getting-started/requirements.md
docs/endpointprotector/5.9.4.2/endpointprotector/requirements/formats.md,docs/endpointprotector/5.9.4.2/getting-started/supported-formats.md
docs/endpointprotector/5.9.4.2/endpointprotector/serverclientcommunication.md,docs/endpointprotector/5.9.4.2/getting-started/server-client-communication.md
docs/endpointprotector/5.9.4.2/endpointprotector/install/overview.md,docs/endpointprotector/5.9.4.2/installation/index.md
docs/endpointprotector/5.9.4.2/endpointprotector/install/setupwizard.md,docs/endpointprotector/5.9.4.2/installation/setup-wizard.md
docs/endpointprotector/5.9.4.2/endpointprotector/install/virtualappliance.md,docs/endpointprotector/5.9.4.2/installation/virtual-appliance.md
docs/endpointprotector/5.9.4.2/endpointprotector/install/vmwaretools.md,docs/endpointprotector/5.9.4.2/installation/virtualization-platforms/vmware.md
docs/endpointprotector/5.9.4.2/endpointprotector/install/hypervtools.md,docs/endpointprotector/5.9.4.2/installation/virtualization-platforms/hyper-v.md
docs/endpointprotector/5.9.4.2/endpointprotector/install/citrixxenserver.md,docs/endpointprotector/5.9.4.2/installation/virtualization-platforms/citrix-xenserver.md
docs/endpointprotector/5.9.4.2/endpointprotector/install/oraclevm.md,docs/endpointprotector/5.9.4.2/installation/virtualization-platforms/oracle-vm.md
docs/endpointprotector/5.9.4.2/endpointprotector/install/agent/overview.md,docs/endpointprotector/5.9.4.2/installation/agent-deployment/index.md
docs/endpointprotector/5.9.4.2/endpointprotector/install/agent/intune/overview.md,docs/endpointprotector/5.9.4.2/installation/agent-deployment/intune.md
docs/endpointprotector/5.9.4.2/endpointprotector/install/agent/intune/macosdeployment.md,docs/endpointprotector/5.9.4.2/installation/agent-deployment/intune.md
docs/endpointprotector/5.9.4.2/endpointprotector/install/agent/intune/windowsdeployment.md,docs/endpointprotector/5.9.4.2/installation/agent-deployment/intune.md
docs/endpointprotector/5.9.4.2/endpointprotector/install/agent/jamf/overview.md,docs/endpointprotector/5.9.4.2/installation/agent-deployment/jamf.md
docs/endpointprotector/5.9.4.2/endpointprotector/install/agent/jamf/configuration.md,docs/endpointprotector/5.9.4.2/installation/agent-deployment/jamf.md
docs/endpointprotector/5.9.4.2/endpointprotector/install/agent/jamf/creatingpolicy.md,docs/endpointprotector/5.9.4.2/installation/agent-deployment/jamf.md
docs/endpointprotector/5.9.4.2/endpointprotector/install/agent/jamf/scriptandpackage.md,docs/endpointprotector/5.9.4.2/installation/agent-deployment/jamf.md
docs/endpointprotector/5.9.4.2/endpointprotector/admin/overview.md,docs/endpointprotector/5.9.4.2/administration/index.md
docs/endpointprotector/5.9.4.2/endpointprotector/admin/serverlogin.md,docs/endpointprotector/5.9.4.2/administration/server-login.md
docs/endpointprotector/5.9.4.2/endpointprotector/admin/dashboard/systemdashboard.md,docs/endpointprotector/5.9.4.2/administration/dashboard.md
docs/endpointprotector/5.9.4.2/endpointprotector/admin/devicecontrol/module.md,docs/endpointprotector/5.9.4.2/core-features/device-control/index.md
docs/endpointprotector/5.9.4.2/endpointprotector/admin/devicecontrol/globalsettings.md,docs/endpointprotector/5.9.4.2/core-features/device-control/global-settings.md
docs/endpointprotector/5.9.4.2/endpointprotector/admin/devicecontrol/globalrights.md,docs/endpointprotector/5.9.4.2/core-features/device-control/global-settings.md
docs/endpointprotector/5.9.4.2/endpointprotector/admin/devicecontrol/usersandgroups.md,docs/endpointprotector/5.9.4.2/core-features/device-control/users-and-groups.md
docs/endpointprotector/5.9.4.2/endpointprotector/admin/devicecontrol/devicesandcomputers.md,docs/endpointprotector/5.9.4.2/core-features/device-control/devices-and-computers.md
docs/endpointprotector/5.9.4.2/endpointprotector/admin/devicecontrol/customclasses.md,docs/endpointprotector/5.9.4.2/core-features/device-control/custom-classes.md
docs/endpointprotector/5.9.4.2/endpointprotector/admin/contentawareprotection/module.md,docs/endpointprotector/5.9.4.2/core-features/content-aware-protection/index.md
docs/endpointprotector/5.9.4.2/endpointprotector/admin/contentawareprotection/cappolicies.md,docs/endpointprotector/5.9.4.2/core-features/content-aware-protection/policies.md
docs/endpointprotector/5.9.4.2/endpointprotector/admin/contentawareprotection/contentdetection.md,docs/endpointprotector/5.9.4.2/core-features/content-aware-protection/content-detection.md
docs/endpointprotector/5.9.4.2/endpointprotector/admin/contentawareprotection/deeppacket.md,docs/endpointprotector/5.9.4.2/core-features/content-aware-protection/deep-packet-inspection.md
docs/endpointprotector/5.9.4.2/endpointprotector/admin/contentawareprotection/usecases.md,docs/endpointprotector/5.9.4.2/core-features/content-aware-protection/use-cases.md
docs/endpointprotector/5.9.4.2/endpointprotector/admin/enforcedencryption/module.md,docs/endpointprotector/5.9.4.2/core-features/enforced-encryption.md
docs/endpointprotector/5.9.4.2/endpointprotector/admin/ediscovery/module.md,docs/endpointprotector/5.9.4.2/core-features/ediscovery.md
docs/endpointprotector/5.9.4.2/endpointprotector/admin/systemconfiguration/overview.md,docs/endpointprotector/5.9.4.2/administration/system-configuration/index.md
docs/endpointprotector/5.9.4.2/endpointprotector/admin/systemconfiguration/adminandaccess.md,docs/endpointprotector/5.9.4.2/administration/system-configuration/admin-and-access.md
docs/endpointprotector/5.9.4.2/endpointprotector/admin/systemconfiguration/systemlicensing.md,docs/endpointprotector/5.9.4.2/administration/system-configuration/licensing.md
docs/endpointprotector/5.9.4.2/endpointprotector/admin/systemconfiguration/systemsecurity.md,docs/endpointprotector/5.9.4.2/administration/system-configuration/security.md
docs/endpointprotector/5.9.4.2/endpointprotector/admin/systemconfiguration/systemsettings.md,docs/endpointprotector/5.9.4.2/administration/system-configuration/settings.md
docs/endpointprotector/5.9.4.2/endpointprotector/admin/systemmaintenance/overview.md,docs/endpointprotector/5.9.4.2/administration/system-maintenance/index.md
docs/endpointprotector/5.9.4.2/endpointprotector/admin/systemmaintenance/backup.md,docs/endpointprotector/5.9.4.2/administration/system-maintenance/backup.md
docs/endpointprotector/5.9.4.2/endpointprotector/admin/systemmaintenance/shadowrepository.md,docs/endpointprotector/5.9.4.2/administration/system-maintenance/shadow-repository.md
docs/endpointprotector/5.9.4.2/endpointprotector/admin/updates.md,docs/endpointprotector/5.9.4.2/administration/system-maintenance/updates.md
docs/endpointprotector/5.9.4.2/endpointprotector/admin/systemparameters/overview.md,docs/endpointprotector/5.9.4.2/administration/system-parameters.md
docs/endpointprotector/5.9.4.2/endpointprotector/admin/directoryservices/overview.md,docs/endpointprotector/5.9.4.2/security-and-access/directory-services.md
docs/endpointprotector/5.9.4.2/endpointprotector/admin/systemconfiguration/singlesignon/singlesignon.md,docs/endpointprotector/5.9.4.2/security-and-access/single-sign-on/index.md
docs/endpointprotector/5.9.4.2/endpointprotector/admin/systemconfiguration/singlesignon/ssoazuread.md,docs/endpointprotector/5.9.4.2/security-and-access/single-sign-on/azure-ad.md
docs/endpointprotector/5.9.4.2/endpointprotector/admin/systemconfiguration/singlesignon/ssookta.md,docs/endpointprotector/5.9.4.2/security-and-access/single-sign-on/okta.md
docs/endpointprotector/5.9.4.2/endpointprotector/admin/denylistsallowlists/overview.md,docs/endpointprotector/5.9.4.2/security-and-access/deny-allow-lists/index.md
docs/endpointprotector/5.9.4.2/endpointprotector/admin/denylistsallowlists/denylists.md,docs/endpointprotector/5.9.4.2/security-and-access/deny-allow-lists/denylists.md
docs/endpointprotector/5.9.4.2/endpointprotector/admin/denylistsallowlists/allowlists.md,docs/endpointprotector/5.9.4.2/security-and-access/deny-allow-lists/allowlists.md
docs/endpointprotector/5.9.4.2/endpointprotector/admin/denylistsallowlists/urlcategories.md,docs/endpointprotector/5.9.4.2/security-and-access/deny-allow-lists/url-categories.md
docs/endpointprotector/5.9.4.2/endpointprotector/admin/offlinetemporarypassword/overview.md,docs/endpointprotector/5.9.4.2/security-and-access/offline-temporary-password.md
docs/endpointprotector/5.9.4.2/endpointprotector/admin/alerts/overview.md,docs/endpointprotector/5.9.4.2/monitoring-and-reporting/alerts.md
docs/endpointprotector/5.9.4.2/endpointprotector/admin/reportsanalysis/overview.md,docs/endpointprotector/5.9.4.2/monitoring-and-reporting/reports-and-analysis.md
docs/endpointprotector/5.9.4.2/endpointprotector/configuration/overview.md,docs/endpointprotector/5.9.4.2/deployment-scenarios/index.md
docs/endpointprotector/5.9.4.2/endpointprotector/configuration/activedirectory/overview.md,docs/endpointprotector/5.9.4.2/deployment-scenarios/active-directory/index.md
docs/endpointprotector/5.9.4.2/endpointprotector/configuration/activedirectory/deployment.md,docs/endpointprotector/5.9.4.2/deployment-scenarios/active-directory/deployment.md
docs/endpointprotector/5.9.4.2/endpointprotector/configuration/activedirectory/creatingfilters.md,docs/endpointprotector/5.9.4.2/deployment-scenarios/active-directory/filters.md
docs/endpointprotector/5.9.4.2/endpointprotector/configuration/activedirectory/linkinggpotoou.md,docs/endpointprotector/5.9.4.2/deployment-scenarios/active-directory/group-policy.md
docs/endpointprotector/5.9.4.2/endpointprotector/configuration/activedirectory/linkingwmitogpo.md,docs/endpointprotector/5.9.4.2/deployment-scenarios/active-directory/wmi-integration.md
docs/endpointprotector/5.9.4.2/endpointprotector/configuration/amazonwebservices/amazon.md,docs/endpointprotector/5.9.4.2/deployment-scenarios/cloud-platforms/aws/index.md
docs/endpointprotector/5.9.4.2/endpointprotector/configuration/amazonwebservices/awsdeployment.md,docs/endpointprotector/5.9.4.2/deployment-scenarios/cloud-platforms/aws/deployment.md
docs/endpointprotector/5.9.4.2/endpointprotector/configuration/amazonwebservices/awselasticip.md,docs/endpointprotector/5.9.4.2/deployment-scenarios/cloud-platforms/aws/elastic-ip.md
docs/endpointprotector/5.9.4.2/endpointprotector/configuration/azure/microsoftazure.md,docs/endpointprotector/5.9.4.2/deployment-scenarios/cloud-platforms/azure/index.md
docs/endpointprotector/5.9.4.2/endpointprotector/configuration/azure/azuredeployment.md,docs/endpointprotector/5.9.4.2/deployment-scenarios/cloud-platforms/azure/deployment.md
docs/endpointprotector/5.9.4.2/endpointprotector/configuration/azure/creatingdisk.md,docs/endpointprotector/5.9.4.2/deployment-scenarios/cloud-platforms/azure/disk-creation.md
docs/endpointprotector/5.9.4.2/endpointprotector/configuration/azure/virtualmachine.md,docs/endpointprotector/5.9.4.2/deployment-scenarios/cloud-platforms/azure/virtual-machine.md
docs/endpointprotector/5.9.4.2/endpointprotector/configuration/googlecloudplatform/googlecloudplatform.md,docs/endpointprotector/5.9.4.2/deployment-scenarios/cloud-platforms/google-cloud/index.md
docs/endpointprotector/5.9.4.2/endpointprotector/configuration/googlecloudplatform/gcpdeployment.md,docs/endpointprotector/5.9.4.2/deployment-scenarios/cloud-platforms/google-cloud/deployment.md
docs/endpointprotector/5.9.4.2/endpointprotector/admin/support/overview.md,docs/endpointprotector/5.9.4.2/reference/support.md
docs/endpointprotector/5.9.4.2/endpointprotector/admin/appliance/overview.md,docs/endpointprotector/5.9.4.2/reference/appliance-management.md