docs/passwordsecure/9.2/index.md,docs/passwordsecure/9.2/index.md
docs/passwordsecure/9.2/passwordsecure/configuration/configuration.md,docs/passwordsecure/9.2/installation-setup/basic-configuration.md
docs/passwordsecure/9.2/passwordsecure/configuration/advanced_view/clientmodule/applications/applications.md,docs/passwordsecure/9.2/core-features/applications/applications-overview.md
docs/passwordsecure/9.2/passwordsecure/configuration/advanced_view/clientmodule/applications/configuration_of_saml/configuration_of_saml.md,docs/passwordsecure/9.2/core-features/applications/saml-configuration.md
docs/passwordsecure/9.2/passwordsecure/configuration/advanced_view/clientmodule/applications/examples/example_applications.md,docs/passwordsecure/9.2/core-features/applications/application-examples.md
docs/passwordsecure/9.2/passwordsecure/configuration/advanced_view/clientmodule/applications/examples/saml_examples/saml_application_for_dropbox.md,docs/passwordsecure/9.2/core-features/applications/application-examples.md
docs/passwordsecure/9.2/passwordsecure/configuration/advanced_view/clientmodule/applications/examples/saml_examples/saml_application_for_postman.md,docs/passwordsecure/9.2/core-features/applications/application-examples.md
docs/passwordsecure/9.2/passwordsecure/configuration/advanced_view/clientmodule/applications/examples/sap/sap_gui_logon_-_sso_application.md,docs/passwordsecure/9.2/core-features/applications/application-examples.md
docs/passwordsecure/9.2/passwordsecure/configuration/advanced_view/clientmodule/applications/learning_the_applications/learning_the_applications.md,docs/passwordsecure/9.2/core-features/applications/application-configuration.md
docs/passwordsecure/9.2/passwordsecure/configuration/advanced_view/clientmodule/applications/learning_the_applications/start_parameter/start_parameter.md,docs/passwordsecure/9.2/core-features/applications/application-configuration.md
docs/passwordsecure/9.2/passwordsecure/configuration/advanced_view/clientmodule/applications/rdp_and_ssh_applications/rdp_and_ssh_applications.md,docs/passwordsecure/9.2/core-features/applications/rdp-ssh-applications.md
docs/passwordsecure/9.2/passwordsecure/configuration/advanced_view/clientmodule/applications/rdp_and_ssh_applications/recording_a_session/recording_a_session.md,docs/passwordsecure/9.2/core-features/applications/session-recording.md
docs/passwordsecure/9.2/passwordsecure/configuration/advanced_view/clientmodule/client_module.md,docs/passwordsecure/9.2/user-interfaces/advanced-view/advanced-view-overview.md
docs/passwordsecure/9.2/passwordsecure/configuration/advanced_view/clientmodule/discoveryservice/configuration/configuration_1.md,docs/passwordsecure/9.2/core-features/discovery-service/discovery-configuration.md
docs/passwordsecure/9.2/passwordsecure/configuration/advanced_view/clientmodule/discoveryservice/converting_entries/converting_entries.md,docs/passwordsecure/9.2/core-features/discovery-service/converting-entries.md
docs/passwordsecure/9.2/passwordsecure/configuration/advanced_view/clientmodule/discoveryservice/created_password/created_passwords.md,docs/passwordsecure/9.2/core-features/discovery-service/discovered-entries.md
docs/passwordsecure/9.2/passwordsecure/configuration/advanced_view/clientmodule/discoveryservice/deleting_entries/deleting_entries.md,docs/passwordsecure/9.2/core-features/discovery-service/discovered-entries.md
docs/passwordsecure/9.2/passwordsecure/configuration/advanced_view/clientmodule/discoveryservice/discovered_entries/discovered_entries.md,docs/passwordsecure/9.2/core-features/discovery-service/discovered-entries.md
docs/passwordsecure/9.2/passwordsecure/configuration/advanced_view/clientmodule/discoveryservice/discovery_service.md,docs/passwordsecure/9.2/core-features/discovery-service/discovery-overview.md
docs/passwordsecure/9.2/passwordsecure/configuration/advanced_view/clientmodule/discoveryservice/logbook/logbook_1.md,docs/passwordsecure/9.2/operations/logbook/logbook-overview.md
docs/passwordsecure/9.2/passwordsecure/configuration/advanced_view/clientmodule/discoveryservice/requirements/requirements.md,docs/passwordsecure/9.2/core-features/discovery-service/discovery-configuration.md
docs/passwordsecure/9.2/passwordsecure/configuration/advanced_view/clientmodule/documents/documents.md,docs/passwordsecure/9.2/core-features/documents/documents-management.md
docs/passwordsecure/9.2/passwordsecure/configuration/advanced_view/clientmodule/forms/change_form.md,docs/passwordsecure/9.2/core-features/forms-module/change-forms.md
docs/passwordsecure/9.2/passwordsecure/configuration/advanced_view/clientmodule/forms/forms.md,docs/passwordsecure/9.2/core-features/forms-module/forms-overview.md
docs/passwordsecure/9.2/passwordsecure/configuration/advanced_view/clientmodule/logbook/logbook.md,docs/passwordsecure/9.2/operations/logbook/logbook-overview.md
docs/passwordsecure/9.2/passwordsecure/configuration/advanced_view/clientmodule/notifications/notifications.md,docs/passwordsecure/9.2/operations/notifications/notifications-overview.md
docs/passwordsecure/9.2/passwordsecure/configuration/advanced_view/clientmodule/organisationalstructures/directoryservices/activedirectorylink/active_directory_link.md,docs/passwordsecure/9.2/core-features/organizational-structure/active-directory-integration.md
docs/passwordsecure/9.2/passwordsecure/configuration/advanced_view/clientmodule/organisationalstructures/directoryservices/activedirectorylink/end-to-end_encryption.md,docs/passwordsecure/9.2/security-permissions/encryption/end-to-end-encryption.md
docs/passwordsecure/9.2/passwordsecure/configuration/advanced_view/clientmodule/organisationalstructures/directoryservices/activedirectorylink/masterkey_mode.md,docs/passwordsecure/9.2/security-permissions/encryption/masterkey-mode.md
docs/passwordsecure/9.2/passwordsecure/configuration/advanced_view/clientmodule/organisationalstructures/directoryservices/activedirectorylink/radius_authentication.md,docs/passwordsecure/9.2/security-permissions/authentication/radius-authentication.md
docs/passwordsecure/9.2/passwordsecure/configuration/advanced_view/clientmodule/organisationalstructures/directoryservices/directory_services.md,docs/passwordsecure/9.2/core-features/organizational-structure/directory-services.md
docs/passwordsecure/9.2/passwordsecure/configuration/advanced_view/clientmodule/organisationalstructures/directoryservices/entra_id/entra_id_connection.md,docs/passwordsecure/9.2/core-features/organizational-structure/entra-id-integration.md
docs/passwordsecure/9.2/passwordsecure/configuration/advanced_view/clientmodule/organisationalstructures/directoryservices/entra_id/microsoft_entra_id_faq.md,docs/passwordsecure/9.2/core-features/organizational-structure/entra-id-integration.md
docs/passwordsecure/9.2/passwordsecure/configuration/advanced_view/clientmodule/organisationalstructures/firstfactor/first_factor.md,docs/passwordsecure/9.2/security-permissions/authentication/first-factor-authentication.md
docs/passwordsecure/9.2/passwordsecure/configuration/advanced_view/clientmodule/organisationalstructures/managingusers/managing_users.md,docs/passwordsecure/9.2/core-features/organizational-structure/managing-users.md
docs/passwordsecure/9.2/passwordsecure/configuration/advanced_view/clientmodule/organisationalstructures/managingusers/user_passwords_logging_in.md,docs/passwordsecure/9.2/core-features/organizational-structure/managing-users.md
docs/passwordsecure/9.2/passwordsecure/configuration/advanced_view/clientmodule/organisationalstructures/multifactorauthentication/multifactor_authentication.md,docs/passwordsecure/9.2/security-permissions/authentication/multifactor-authentication.md
docs/passwordsecure/9.2/passwordsecure/configuration/advanced_view/clientmodule/organisationalstructures/multifactorauthentication/otp/otp_(one-time-password).md,docs/passwordsecure/9.2/security-permissions/authentication/otp-authentication.md
docs/passwordsecure/9.2/passwordsecure/configuration/advanced_view/clientmodule/organisationalstructures/multifactorauthentication/yubico/yubicoyubikey.md,docs/passwordsecure/9.2/security-permissions/authentication/yubikey-authentication.md
docs/passwordsecure/9.2/passwordsecure/configuration/advanced_view/clientmodule/organisationalstructures/organisational_structure.md,docs/passwordsecure/9.2/core-features/organizational-structure/organizational-overview.md
docs/passwordsecure/9.2/passwordsecure/configuration/advanced_view/clientmodule/organisationalstructures/permissionsous/inheriting_permissions.md,docs/passwordsecure/9.2/security-permissions/permission-concept/permission-inheritance.md
docs/passwordsecure/9.2/passwordsecure/configuration/advanced_view/clientmodule/organisationalstructures/permissionsous/permissions_for_organisational.md,docs/passwordsecure/9.2/security-permissions/permission-concept/permission-inheritance.md
docs/passwordsecure/9.2/passwordsecure/configuration/advanced_view/clientmodule/passwordreset/configuration/configuration_2.md,docs/passwordsecure/9.2/core-features/password-reset/password-reset-configuration.md
docs/passwordsecure/9.2/passwordsecure/configuration/advanced_view/clientmodule/passwordreset/heartbeat/heartbeat.md,docs/passwordsecure/9.2/core-features/password-reset/password-reset-configuration.md
docs/passwordsecure/9.2/passwordsecure/configuration/advanced_view/clientmodule/passwordreset/logbook_entries/logbook_entries_under_password.md,docs/passwordsecure/9.2/operations/logbook/logbook-overview.md
docs/passwordsecure/9.2/passwordsecure/configuration/advanced_view/clientmodule/passwordreset/password_reset.md,docs/passwordsecure/9.2/core-features/password-reset/password-reset-overview.md
docs/passwordsecure/9.2/passwordsecure/configuration/advanced_view/clientmodule/passwordreset/requirements/requirements_1.md,docs/passwordsecure/9.2/core-features/password-reset/password-reset-configuration.md
docs/passwordsecure/9.2/passwordsecure/configuration/advanced_view/clientmodule/passwordreset/rollback/rollback.md,docs/passwordsecure/9.2/core-features/password-reset/rollback-functionality.md
docs/passwordsecure/9.2/passwordsecure/configuration/advanced_view/clientmodule/passwordreset/scripts/scripts.md,docs/passwordsecure/9.2/core-features/password-reset/password-reset-scripts.md
docs/passwordsecure/9.2/passwordsecure/configuration/advanced_view/clientmodule/passwordreset/user-defined_scripts/user-defined_scripts.md,docs/passwordsecure/9.2/core-features/password-reset/password-reset-scripts.md
docs/passwordsecure/9.2/passwordsecure/configuration/advanced_view/clientmodule/passwords/creating_new_passwords.md,docs/passwordsecure/9.2/core-features/password-management/creating-passwords.md
docs/passwordsecure/9.2/passwordsecure/configuration/advanced_view/clientmodule/passwords/form_field_permissions.md,docs/passwordsecure/9.2/security-permissions/permission-concept/manual-permissions.md
docs/passwordsecure/9.2/passwordsecure/configuration/advanced_view/clientmodule/passwords/history.md,docs/passwordsecure/9.2/core-features/password-management/password-history.md
docs/passwordsecure/9.2/passwordsecure/configuration/advanced_view/clientmodule/passwords/moving_passwords.md,docs/passwordsecure/9.2/core-features/password-management/organizing-passwords.md
docs/passwordsecure/9.2/passwordsecure/configuration/advanced_view/clientmodule/passwords/password_settings.md,docs/passwordsecure/9.2/core-features/password-management/password-settings.md
docs/passwordsecure/9.2/passwordsecure/configuration/advanced_view/clientmodule/passwords/passwords.md,docs/passwordsecure/9.2/core-features/password-management/passwords-overview.md
docs/passwordsecure/9.2/passwordsecure/configuration/advanced_view/clientmodule/passwords/recycle_bin.md,docs/passwordsecure/9.2/core-features/password-management/recycle-bin.md
docs/passwordsecure/9.2/passwordsecure/configuration/advanced_view/clientmodule/passwords/revealing_passwords.md,docs/passwordsecure/9.2/core-features/password-management/passwords-overview.md
docs/passwordsecure/9.2/passwordsecure/configuration/advanced_view/clientmodule/roles/roles.md,docs/passwordsecure/9.2/security-permissions/roles-management/roles-overview.md
docs/passwordsecure/9.2/passwordsecure/configuration/advanced_view/mainmenu/account/account.md,docs/passwordsecure/9.2/administration/user-management/user-settings.md
docs/passwordsecure/9.2/passwordsecure/configuration/advanced_view/mainmenu/administration/administration.md,docs/passwordsecure/9.2/administration/system-administration/advanced-settings.md
docs/passwordsecure/9.2/passwordsecure/configuration/advanced_view/mainmenu/export/export_wizard/export_wizard.md,docs/passwordsecure/9.2/administration/import-export/export-wizard.md
docs/passwordsecure/9.2/passwordsecure/configuration/advanced_view/mainmenu/export/export.md,docs/passwordsecure/9.2/administration/import-export/export-wizard.md
docs/passwordsecure/9.2/passwordsecure/configuration/advanced_view/mainmenu/export/html_webviewer-export/html_webviewer_export.md,docs/passwordsecure/9.2/administration/import-export/html-export.md
docs/passwordsecure/9.2/passwordsecure/configuration/advanced_view/mainmenu/extras/extras.md,docs/passwordsecure/9.2/operations/extras/image-management.md
docs/passwordsecure/9.2/passwordsecure/configuration/advanced_view/mainmenu/extras/image_management/image_manager.md,docs/passwordsecure/9.2/operations/extras/image-management.md
docs/passwordsecure/9.2/passwordsecure/configuration/advanced_view/mainmenu/extras/password_generator/password_generator.md,docs/passwordsecure/9.2/core-features/password-management/password-generator.md
docs/passwordsecure/9.2/passwordsecure/configuration/advanced_view/mainmenu/extras/password_rules/password_rules.md,docs/passwordsecure/9.2/core-features/password-management/password-rules.md
docs/passwordsecure/9.2/passwordsecure/configuration/advanced_view/mainmenu/extras/reports/reports.md,docs/passwordsecure/9.2/administration/reporting/reports-overview.md
docs/passwordsecure/9.2/passwordsecure/configuration/advanced_view/mainmenu/extras/seal_templates/seal_templates.md,docs/passwordsecure/9.2/operations/extras/seal-templates.md
docs/passwordsecure/9.2/passwordsecure/configuration/advanced_view/mainmenu/extras/system_tasks/emergency_webviewer/emergency_webviewer.md,docs/passwordsecure/9.2/operations/system-tasks/emergency-webviewer.md
docs/passwordsecure/9.2/passwordsecure/configuration/advanced_view/mainmenu/extras/system_tasks/system_tasks.md,docs/passwordsecure/9.2/operations/system-tasks/system-tasks-overview.md
docs/passwordsecure/9.2/passwordsecure/configuration/advanced_view/mainmenu/extras/tag_management/tag_manager.md,docs/passwordsecure/9.2/operations/tags/tag-management.md
docs/passwordsecure/9.2/passwordsecure/configuration/advanced_view/mainmenu/extras/trash/trash.md,docs/passwordsecure/9.2/operations/extras/trash-management.md
docs/passwordsecure/9.2/passwordsecure/configuration/advanced_view/mainmenu/import/import.md,docs/passwordsecure/9.2/administration/import-export/import-data.md
docs/passwordsecure/9.2/passwordsecure/configuration/advanced_view/mainmenu/main_menu_fc.md,docs/passwordsecure/9.2/user-interfaces/advanced-view/navigation-ribbon.md
docs/passwordsecure/9.2/passwordsecure/configuration/advanced_view/mainmenu/user_rights/overview_user_rights/overview_of_all_user_rights.md,docs/passwordsecure/9.2/administration/user-management/user-rights.md
docs/passwordsecure/9.2/passwordsecure/configuration/advanced_view/mainmenu/user_rights/user_rights.md,docs/passwordsecure/9.2/administration/user-management/user-rights.md
docs/passwordsecure/9.2/passwordsecure/configuration/advanced_view/mainmenu/user_settings/overview_user_settings/overview_of_all_user_settings.md,docs/passwordsecure/9.2/administration/user-management/user-settings.md
docs/passwordsecure/9.2/passwordsecure/configuration/advanced_view/mainmenu/user_settings/user_settings.md,docs/passwordsecure/9.2/administration/user-management/user-settings.md
docs/passwordsecure/9.2/passwordsecure/configuration/advanced_view/operation_and_setup/dashboard_and_widgets/dashboard_and_widgets.md,docs/passwordsecure/9.2/user-interfaces/advanced-view/dashboard-widgets.md
docs/passwordsecure/9.2/passwordsecure/configuration/advanced_view/operation_and_setup/dashboard_and_widgets/keyboard_shortcuts.md,docs/passwordsecure/9.2/user-interfaces/advanced-view/keyboard-shortcuts.md
docs/passwordsecure/9.2/passwordsecure/configuration/advanced_view/operation_and_setup/filter/advancedfiltersettings/advanced_filter_settings.md,docs/passwordsecure/9.2/user-interfaces/advanced-view/search-filter.md
docs/passwordsecure/9.2/passwordsecure/configuration/advanced_view/operation_and_setup/filter/displaymode/display_mode.md,docs/passwordsecure/9.2/user-interfaces/advanced-view/list-view.md
docs/passwordsecure/9.2/passwordsecure/configuration/advanced_view/operation_and_setup/filter/filter.md,docs/passwordsecure/9.2/user-interfaces/advanced-view/search-filter.md
docs/passwordsecure/9.2/passwordsecure/configuration/advanced_view/operation_and_setup/listview/list_view.md,docs/passwordsecure/9.2/user-interfaces/advanced-view/list-view.md
docs/passwordsecure/9.2/passwordsecure/configuration/advanced_view/operation_and_setup/operation_and_setup.md,docs/passwordsecure/9.2/user-interfaces/advanced-view/advanced-view-overview.md
docs/passwordsecure/9.2/passwordsecure/configuration/advanced_view/operation_and_setup/print/print.md,docs/passwordsecure/9.2/user-interfaces/advanced-view/advanced-view-overview.md
docs/passwordsecure/9.2/passwordsecure/configuration/advanced_view/operation_and_setup/readingpane/reading_pane.md,docs/passwordsecure/9.2/user-interfaces/advanced-view/reading-pane.md
docs/passwordsecure/9.2/passwordsecure/configuration/advanced_view/operation_and_setup/ribbon/ribbon.md,docs/passwordsecure/9.2/user-interfaces/advanced-view/navigation-ribbon.md
docs/passwordsecure/9.2/passwordsecure/configuration/advanced_view/operation_and_setup/search/search.md,docs/passwordsecure/9.2/user-interfaces/advanced-view/search-filter.md
docs/passwordsecure/9.2/passwordsecure/configuration/advanced_view/operation_and_setup/tags/tags.md,docs/passwordsecure/9.2/operations/tags/tags-overview.md
docs/passwordsecure/9.2/passwordsecure/configuration/advanced_view/permissionconcept/automated_settings/automated_setting_of_permissions.md,docs/passwordsecure/9.2/security-permissions/permission-concept/automated-permissions.md
docs/passwordsecure/9.2/passwordsecure/configuration/advanced_view/permissionconcept/automated_settings/inheritance_from_organisational_structures/inheritance_from_organizational.md,docs/passwordsecure/9.2/security-permissions/permission-concept/permission-inheritance.md
docs/passwordsecure/9.2/passwordsecure/configuration/advanced_view/permissionconcept/manual_settings/manual_setting_of_permissions.md,docs/passwordsecure/9.2/security-permissions/permission-concept/manual-permissions.md
docs/passwordsecure/9.2/passwordsecure/configuration/advanced_view/permissionconcept/manual_settings/multiple_editing_of_permissions/multiple_editing_of_permissions.md,docs/passwordsecure/9.2/security-permissions/permission-concept/manual-permissions.md
docs/passwordsecure/9.2/passwordsecure/configuration/advanced_view/permissionconcept/manual_settings/rights_templates/right_templates.md,docs/passwordsecure/9.2/security-permissions/permission-concept/rights-templates.md
docs/passwordsecure/9.2/passwordsecure/configuration/advanced_view/permissionconcept/permission_concept_and_protective.md,docs/passwordsecure/9.2/security-permissions/permission-concept/permission-overview.md
docs/passwordsecure/9.2/passwordsecure/configuration/advanced_view/permissionconcept/predefining_rights/predefining_rights.md,docs/passwordsecure/9.2/security-permissions/permission-concept/rights-templates.md
docs/passwordsecure/9.2/passwordsecure/configuration/advanced_view/permissionconcept/predefining_rights/protective_mechanisms/password_masking/password_masking.md,docs/passwordsecure/9.2/security-permissions/protective-mechanisms/password-masking.md
docs/passwordsecure/9.2/passwordsecure/configuration/advanced_view/permissionconcept/predefining_rights/protective_mechanisms/protective_mechanisms.md,docs/passwordsecure/9.2/security-permissions/protective-mechanisms/protective-overview.md
docs/passwordsecure/9.2/passwordsecure/configuration/advanced_view/permissionconcept/predefining_rights/protective_mechanisms/seals/release_mechanism/release_mechanism.md,docs/passwordsecure/9.2/security-permissions/protective-mechanisms/seals.md
docs/passwordsecure/9.2/passwordsecure/configuration/advanced_view/permissionconcept/predefining_rights/protective_mechanisms/seals/seals_overview/seal_overview.md,docs/passwordsecure/9.2/security-permissions/protective-mechanisms/seals.md
docs/passwordsecure/9.2/passwordsecure/configuration/advanced_view/permissionconcept/predefining_rights/protective_mechanisms/seals/seals.md,docs/passwordsecure/9.2/security-permissions/protective-mechanisms/seals.md
docs/passwordsecure/9.2/passwordsecure/configuration/advanced_view/permissionconcept/predefining_rights/protective_mechanisms/temporary_permissions/temporary_permissions.md,docs/passwordsecure/9.2/security-permissions/protective-mechanisms/temporary-permissions.md
docs/passwordsecure/9.2/passwordsecure/configuration/advanced_view/permissionconcept/predefining_rights/protective_mechanisms/visibility/visibility.md,docs/passwordsecure/9.2/security-permissions/protective-mechanisms/visibility-controls.md
docs/passwordsecure/9.2/passwordsecure/configuration/advanced_view/permissionconcept/predefining_rights/relevant_user_rights/relevant_user_rights.md,docs/passwordsecure/9.2/administration/user-management/user-rights.md
docs/passwordsecure/9.2/passwordsecure/configuration/advanced_view/permissionconcept/predefining_rights/scope_of_validity/scope_of_validity_for_predefined.md,docs/passwordsecure/9.2/security-permissions/permission-concept/rights-templates.md
docs/passwordsecure/9.2/passwordsecure/configuration/advanced_view/permissionconcept/predefining_rights/working_with_predefining_rights/working_with_predefined_rights.md,docs/passwordsecure/9.2/security-permissions/permission-concept/rights-templates.md
docs/passwordsecure/9.2/passwordsecure/configuration/autofill_add-on/autofill_add-on.md,docs/passwordsecure/9.2/integrations/browser-extensions/autofill-addon.md
docs/passwordsecure/9.2/passwordsecure/configuration/autofill_add-on/configuration/configuration_autofill_add-on.md,docs/passwordsecure/9.2/integrations/browser-extensions/extension-configuration.md
docs/passwordsecure/9.2/passwordsecure/configuration/basic_view/administration/errorcodes/errorcodes_of_the_lightclient.md,docs/passwordsecure/9.2/maintenance/troubleshooting/error-codes.md
docs/passwordsecure/9.2/passwordsecure/configuration/basic_view/administration/to_do_for_administration.md,docs/passwordsecure/9.2/user-interfaces/basic-view/basic-view-overview.md
docs/passwordsecure/9.2/passwordsecure/configuration/basic_view/basic_view.md,docs/passwordsecure/9.2/user-interfaces/basic-view/basic-view-overview.md
docs/passwordsecure/9.2/passwordsecure/configuration/basic_view/checklist/checklist_of_the_basic_view.md,docs/passwordsecure/9.2/user-interfaces/basic-view/basic-view-overview.md
docs/passwordsecure/9.2/passwordsecure/configuration/basic_view/password_management/password_management.md,docs/passwordsecure/9.2/user-interfaces/basic-view/basic-view-overview.md
docs/passwordsecure/9.2/passwordsecure/configuration/basic_view/start_and_login/start_and_login_basic_view.md,docs/passwordsecure/9.2/user-interfaces/basic-view/basic-view-overview.md
docs/passwordsecure/9.2/passwordsecure/configuration/basic_view/tab_system/tab_system.md,docs/passwordsecure/9.2/user-interfaces/basic-view/tab-system.md
docs/passwordsecure/9.2/passwordsecure/configuration/basic_view/view/view.md,docs/passwordsecure/9.2/user-interfaces/basic-view/basic-view-overview.md
docs/passwordsecure/9.2/passwordsecure/configuration/browseradd-ons/applications/applications_add-on.md,docs/passwordsecure/9.2/integrations/browser-extensions/browser-extension-overview.md
docs/passwordsecure/9.2/passwordsecure/configuration/browseradd-ons/browser_add-ons.md,docs/passwordsecure/9.2/integrations/browser-extensions/browser-extension-overview.md
docs/passwordsecure/9.2/passwordsecure/configuration/browseradd-ons/how_to_save_passwords/how_to_save_passwords.md,docs/passwordsecure/9.2/integrations/browser-extensions/saving-passwords.md
docs/passwordsecure/9.2/passwordsecure/configuration/mobiledevices/autofill/autofill_android/autofill_in_android.md,docs/passwordsecure/9.2/user-interfaces/mobile-apps/mobile-autofill.md
docs/passwordsecure/9.2/passwordsecure/configuration/mobiledevices/autofill/autofill_ios/autofill_in_ios.md,docs/passwordsecure/9.2/user-interfaces/mobile-apps/mobile-autofill.md
docs/passwordsecure/9.2/passwordsecure/configuration/mobiledevices/mobile_devices.md,docs/passwordsecure/9.2/user-interfaces/mobile-apps/mobile-overview.md
docs/passwordsecure/9.2/passwordsecure/configuration/mobiledevices/passwords/passwords_mobileapp.md,docs/passwordsecure/9.2/user-interfaces/mobile-apps/mobile-overview.md
docs/passwordsecure/9.2/passwordsecure/configuration/mobiledevices/security/securitymd.md,docs/passwordsecure/9.2/user-interfaces/mobile-apps/mobile-overview.md
docs/passwordsecure/9.2/passwordsecure/configuration/mobiledevices/settings/settings_mobileapp.md,docs/passwordsecure/9.2/user-interfaces/mobile-apps/mobile-overview.md
docs/passwordsecure/9.2/passwordsecure/configuration/mobiledevices/setup/biometric_login/biometric_login.md,docs/passwordsecure/9.2/user-interfaces/mobile-apps/biometric-login.md
docs/passwordsecure/9.2/passwordsecure/configuration/mobiledevices/setup/installation_app/installation_of_the_app.md,docs/passwordsecure/9.2/user-interfaces/mobile-apps/mobile-setup.md
docs/passwordsecure/9.2/passwordsecure/configuration/mobiledevices/setup/linking_database/linking_the_database.md,docs/passwordsecure/9.2/user-interfaces/mobile-apps/mobile-setup.md
docs/passwordsecure/9.2/passwordsecure/configuration/mobiledevices/setup/setting_up_autofill/setting_up_autofill.md,docs/passwordsecure/9.2/user-interfaces/mobile-apps/mobile-autofill.md
docs/passwordsecure/9.2/passwordsecure/configuration/mobiledevices/setup/setup_mobile_device.md,docs/passwordsecure/9.2/user-interfaces/mobile-apps/mobile-setup.md
docs/passwordsecure/9.2/passwordsecure/configuration/mobiledevices/synchronization/synchronization.md,docs/passwordsecure/9.2/user-interfaces/mobile-apps/mobile-synchronization.md
docs/passwordsecure/9.2/passwordsecure/configuration/mobiledevices/tabs/tabs.md,docs/passwordsecure/9.2/user-interfaces/mobile-apps/mobile-overview.md
docs/passwordsecure/9.2/passwordsecure/configuration/offlineclient/offline_client.md,docs/passwordsecure/9.2/installation-setup/client-installation/offline-client-setup.md
docs/passwordsecure/9.2/passwordsecure/configuration/offlineclient/setup/setup_and_sync.md,docs/passwordsecure/9.2/installation-setup/client-installation/offline-client-setup.md
docs/passwordsecure/9.2/passwordsecure/configuration/sdk_api/sdk__api.md,docs/passwordsecure/9.2/integrations/api-sdk/api-sdk-overview.md
docs/passwordsecure/9.2/passwordsecure/configuration/server_manager/baseconfiguration/basic_configuration.md,docs/passwordsecure/9.2/installation-setup/server-installation/basic-configuration.md
docs/passwordsecure/9.2/passwordsecure/configuration/server_manager/certificates/certificates.md,docs/passwordsecure/9.2/security-permissions/certificates/certificates-overview.md
docs/passwordsecure/9.2/passwordsecure/configuration/server_manager/certificates/database_certificates.md,docs/passwordsecure/9.2/security-permissions/certificates/database-certificates.md
docs/passwordsecure/9.2/passwordsecure/configuration/server_manager/certificates/discovery_service_certificates.md,docs/passwordsecure/9.2/security-permissions/certificates/database-certificates.md
docs/passwordsecure/9.2/passwordsecure/configuration/server_manager/certificates/master_key_certificates.md,docs/passwordsecure/9.2/security-permissions/certificates/database-certificates.md
docs/passwordsecure/9.2/passwordsecure/configuration/server_manager/certificates/nps_server_encryption_certificate.md,docs/passwordsecure/9.2/security-permissions/certificates/database-certificates.md
docs/passwordsecure/9.2/passwordsecure/configuration/server_manager/certificates/password_reset_certificates.md,docs/passwordsecure/9.2/security-permissions/certificates/database-certificates.md
docs/passwordsecure/9.2/passwordsecure/configuration/server_manager/certificates/ssl_connection_certificates.md,docs/passwordsecure/9.2/security-permissions/certificates/ssl-certificates.md
docs/passwordsecure/9.2/passwordsecure/configuration/server_manager/creatingdatabase/creating_databases.md,docs/passwordsecure/9.2/installation-setup/server-installation/creating-databases.md
docs/passwordsecure/9.2/passwordsecure/configuration/server_manager/database_properties/database_firewall.md,docs/passwordsecure/9.2/administration/server-management/database-firewall.md
docs/passwordsecure/9.2/passwordsecure/configuration/server_manager/database_properties/database_properties.md,docs/passwordsecure/9.2/administration/server-management/database-properties.md
docs/passwordsecure/9.2/passwordsecure/configuration/server_manager/database_properties/general_settings_admin_client.md,docs/passwordsecure/9.2/administration/system-administration/advanced-settings.md
docs/passwordsecure/9.2/passwordsecure/configuration/server_manager/database_properties/syslog.md,docs/passwordsecure/9.2/administration/server-management/syslog-configuration.md
docs/passwordsecure/9.2/passwordsecure/configuration/server_manager/ecc_migration/ecc_migration_administrator_manual.md,docs/passwordsecure/9.2/administration/system-administration/ecc-migration.md
docs/passwordsecure/9.2/passwordsecure/configuration/server_manager/ecc_migration/ecc_migration_user_manual.md,docs/passwordsecure/9.2/administration/system-administration/ecc-migration.md
docs/passwordsecure/9.2/passwordsecure/configuration/server_manager/ecc_migration/ecc_migration.md,docs/passwordsecure/9.2/administration/system-administration/ecc-migration.md
docs/passwordsecure/9.2/passwordsecure/configuration/server_manager/main_menu/advanced_settings.md,docs/passwordsecure/9.2/administration/system-administration/advanced-settings.md
docs/passwordsecure/9.2/passwordsecure/configuration/server_manager/main_menu/backup_settings/automatic_backup_cleanup/automated_deletion_of_backups.md,docs/passwordsecure/9.2/administration/backup-recovery/automated-cleanup.md
docs/passwordsecure/9.2/passwordsecure/configuration/server_manager/main_menu/backup_settings/backup_management/backup_management.md,docs/passwordsecure/9.2/administration/backup-recovery/backup-management.md
docs/passwordsecure/9.2/passwordsecure/configuration/server_manager/main_menu/backup_settings/backup_settings.md,docs/passwordsecure/9.2/administration/backup-recovery/backup-settings.md
docs/passwordsecure/9.2/passwordsecure/configuration/server_manager/main_menu/backup_settings/disaster_recovery/disaster_recovery_scenarios.md,docs/passwordsecure/9.2/administration/backup-recovery/disaster-recovery.md
docs/passwordsecure/9.2/passwordsecure/configuration/server_manager/main_menu/general_settings.md,docs/passwordsecure/9.2/administration/system-administration/advanced-settings.md
docs/passwordsecure/9.2/passwordsecure/configuration/server_manager/main_menu/license_settings.md,docs/passwordsecure/9.2/administration/system-administration/license-management.md
docs/passwordsecure/9.2/passwordsecure/configuration/server_manager/main_menu/main_menu.md,docs/passwordsecure/9.2/administration/server-management/server-manager-overview.md
docs/passwordsecure/9.2/passwordsecure/configuration/server_manager/managing_databases/database_settings/database_settings.md,docs/passwordsecure/9.2/administration/server-management/database-management.md
docs/passwordsecure/9.2/passwordsecure/configuration/server_manager/managing_databases/database_settings/hsm_connection.md,docs/passwordsecure/9.2/security-permissions/certificates/hsm-connection.md
docs/passwordsecure/9.2/passwordsecure/configuration/server_manager/managing_databases/database_settings/multifactor_authentication_ac.md,docs/passwordsecure/9.2/security-permissions/authentication/multifactor-authentication.md
docs/passwordsecure/9.2/passwordsecure/configuration/server_manager/managing_databases/database_settings/session_timeout.md,docs/passwordsecure/9.2/administration/server-management/session-timeout.md
docs/passwordsecure/9.2/passwordsecure/configuration/server_manager/managing_databases/managing_databases.md,docs/passwordsecure/9.2/administration/server-management/database-management.md
docs/passwordsecure/9.2/passwordsecure/configuration/server_manager/msp/changes_in_ac/changes_in_the_adminclient.md,docs/passwordsecure/9.2/administration/msp-features/msp-overview.md
docs/passwordsecure/9.2/passwordsecure/configuration/server_manager/msp/changes_in_ac/cost_overview/cost_overview_module.md,docs/passwordsecure/9.2/administration/msp-features/cost-overview.md
docs/passwordsecure/9.2/passwordsecure/configuration/server_manager/msp/changes_in_ac/customers_module/customers_module.md,docs/passwordsecure/9.2/administration/msp-features/customer-management.md
docs/passwordsecure/9.2/passwordsecure/configuration/server_manager/msp/msp.md,docs/passwordsecure/9.2/administration/msp-features/msp-overview.md
docs/passwordsecure/9.2/passwordsecure/configuration/server_manager/operation_and_setup/operation_and_setup_admin_client.md,docs/passwordsecure/9.2/administration/server-management/server-manager-overview.md
docs/passwordsecure/9.2/passwordsecure/configuration/server_manager/server_manger.md,docs/passwordsecure/9.2/administration/server-management/server-manager-overview.md
docs/passwordsecure/9.2/passwordsecure/configuration/server_manager/settlement_right_key/settlement_right_key.md,docs/passwordsecure/9.2/administration/system-administration/settlement-rights.md
docs/passwordsecure/9.2/passwordsecure/configuration/server_manager/setupwizard/setup_wizard.md,docs/passwordsecure/9.2/installation-setup/server-installation/setup-wizard.md
docs/passwordsecure/9.2/passwordsecure/configuration/web_applicaiton/authorization_and_protection/authorization_and_protection_mechanisms.md,docs/passwordsecure/9.2/user-interfaces/web-application/web-application-overview.md
docs/passwordsecure/9.2/passwordsecure/configuration/web_applicaiton/functional_scope/applications/application.md,docs/passwordsecure/9.2/user-interfaces/web-application/web-features.md
docs/passwordsecure/9.2/passwordsecure/configuration/web_applicaiton/functional_scope/documents/documents_web_application.md,docs/passwordsecure/9.2/user-interfaces/web-application/web-features.md
docs/passwordsecure/9.2/passwordsecure/configuration/web_applicaiton/functional_scope/forms_module/forms_module.md,docs/passwordsecure/9.2/user-interfaces/web-application/web-features.md
docs/passwordsecure/9.2/passwordsecure/configuration/web_applicaiton/functional_scope/functional_scope.md,docs/passwordsecure/9.2/user-interfaces/web-application/web-features.md
docs/passwordsecure/9.2/passwordsecure/configuration/web_applicaiton/functional_scope/logbook/logbook_web_application.md,docs/passwordsecure/9.2/user-interfaces/web-application/web-features.md
docs/passwordsecure/9.2/passwordsecure/configuration/web_applicaiton/functional_scope/notifications/notifications.md,docs/passwordsecure/9.2/user-interfaces/web-application/web-features.md
docs/passwordsecure/9.2/passwordsecure/configuration/web_applicaiton/functional_scope/organisational_structure/organisational_structure.md,docs/passwordsecure/9.2/user-interfaces/web-application/web-features.md
docs/passwordsecure/9.2/passwordsecure/configuration/web_applicaiton/functional_scope/organisational_structure/user_management/user_management.md,docs/passwordsecure/9.2/user-interfaces/web-application/web-features.md
docs/passwordsecure/9.2/passwordsecure/configuration/web_applicaiton/functional_scope/password_module/password_module.md,docs/passwordsecure/9.2/user-interfaces/web-application/web-features.md
docs/passwordsecure/9.2/passwordsecure/configuration/web_applicaiton/functional_scope/roles_module/roles_module.md,docs/passwordsecure/9.2/user-interfaces/web-application/web-features.md
docs/passwordsecure/9.2/passwordsecure/configuration/web_applicaiton/functional_scope/tag_system/tag_system.md,docs/passwordsecure/9.2/user-interfaces/web-application/web-features.md
docs/passwordsecure/9.2/passwordsecure/configuration/web_applicaiton/operation/filter_or_structure/filter_or_structure_area.md,docs/passwordsecure/9.2/user-interfaces/web-application/web-navigation.md
docs/passwordsecure/9.2/passwordsecure/configuration/web_applicaiton/operation/footer/footer.md,docs/passwordsecure/9.2/user-interfaces/web-application/web-navigation.md
docs/passwordsecure/9.2/passwordsecure/configuration/web_applicaiton/operation/header/header.md,docs/passwordsecure/9.2/user-interfaces/web-application/web-navigation.md
docs/passwordsecure/9.2/passwordsecure/configuration/web_applicaiton/operation/list_view/list_view.md,docs/passwordsecure/9.2/user-interfaces/web-application/web-navigation.md
docs/passwordsecure/9.2/passwordsecure/configuration/web_applicaiton/operation/menu_bar/menu.md,docs/passwordsecure/9.2/user-interfaces/web-application/web-navigation.md
docs/passwordsecure/9.2/passwordsecure/configuration/web_applicaiton/operation/navigation_bar/navigation_bar.md,docs/passwordsecure/9.2/user-interfaces/web-application/web-navigation.md
docs/passwordsecure/9.2/passwordsecure/configuration/web_applicaiton/operation/navigation_bar/settings/settings_wc.md,docs/passwordsecure/9.2/user-interfaces/web-application/web-navigation.md
docs/passwordsecure/9.2/passwordsecure/configuration/web_applicaiton/operation/navigation_bar/user_menu/user_menu_wc.md,docs/passwordsecure/9.2/user-interfaces/web-application/web-navigation.md
docs/passwordsecure/9.2/passwordsecure/configuration/web_applicaiton/operation/operation.md,docs/passwordsecure/9.2/user-interfaces/web-application/web-navigation.md
docs/passwordsecure/9.2/passwordsecure/configuration/web_applicaiton/operation/reading_pane/reading_pane_webclient.md,docs/passwordsecure/9.2/user-interfaces/web-application/web-navigation.md
docs/passwordsecure/9.2/passwordsecure/configuration/web_applicaiton/problems/problems_with_the_server_connection.md,docs/passwordsecure/9.2/maintenance/troubleshooting/connection-problems.md
docs/passwordsecure/9.2/passwordsecure/configuration/web_applicaiton/web_application.md,docs/passwordsecure/9.2/user-interfaces/web-application/web-application-overview.md
docs/passwordsecure/9.2/passwordsecure/enduser/advancedview.md,docs/passwordsecure/9.2/end-user-guide/end-user-overview.md
docs/passwordsecure/9.2/passwordsecure/enduser/browserextension.md,docs/passwordsecure/9.2/end-user-guide/using-browser-extension.md
docs/passwordsecure/9.2/passwordsecure/enduser/cleanuppasswords.md,docs/passwordsecure/9.2/end-user-guide/organizing-passwords.md
docs/passwordsecure/9.2/passwordsecure/enduser/createnewentry.md,docs/passwordsecure/9.2/end-user-guide/managing-passwords.md
docs/passwordsecure/9.2/passwordsecure/enduser/organizepasswords.md,docs/passwordsecure/9.2/end-user-guide/organizing-passwords.md
docs/passwordsecure/9.2/passwordsecure/enduser/overview.md,docs/passwordsecure/9.2/end-user-guide/end-user-overview.md
docs/passwordsecure/9.2/passwordsecure/faq/security/encryption/encryption.md,docs/passwordsecure/9.2/reference/faq/security-faq.md
docs/passwordsecure/9.2/passwordsecure/faq/security/high_availability/high_availability.md,docs/passwordsecure/9.2/reference/faq/high-availability.md
docs/passwordsecure/9.2/passwordsecure/faq/security/penetration_test/penetration_tests.md,docs/passwordsecure/9.2/reference/faq/penetration-testing.md
docs/passwordsecure/9.2/passwordsecure/installation/browser/google_chrome.md,docs/passwordsecure/9.2/installation-setup/browser-extension-installation/chrome-installation.md
docs/passwordsecure/9.2/passwordsecure/installation/browser/installation_browser_add-on.md,docs/passwordsecure/9.2/installation-setup/browser-extension-installation/browser-extension-overview.md
docs/passwordsecure/9.2/passwordsecure/installation/browser/microsoft_edge.md,docs/passwordsecure/9.2/installation-setup/browser-extension-installation/edge-installation.md
docs/passwordsecure/9.2/passwordsecure/installation/browser/mozilla_firefox.md,docs/passwordsecure/9.2/installation-setup/browser-extension-installation/firefox-installation.md
docs/passwordsecure/9.2/passwordsecure/installation/browser/safari.md,docs/passwordsecure/9.2/installation-setup/browser-extension-installation/safari-installation.md
docs/passwordsecure/9.2/passwordsecure/installation/installation_client/installation_client.md,docs/passwordsecure/9.2/installation-setup/client-installation/client-installation.md
docs/passwordsecure/9.2/passwordsecure/installation/installation_client/installation_with_parameters.md,docs/passwordsecure/9.2/installation-setup/client-installation/installation-parameters.md
docs/passwordsecure/9.2/passwordsecure/installation/installation_server_manager/installation_server_manager.md,docs/passwordsecure/9.2/installation-setup/server-installation/server-manager-installation.md
docs/passwordsecure/9.2/passwordsecure/installation/installation_web_application/apache.md,docs/passwordsecure/9.2/installation-setup/web-application-installation/apache-configuration.md
docs/passwordsecure/9.2/passwordsecure/installation/installation_web_application/installation_web_application.md,docs/passwordsecure/9.2/installation-setup/web-application-installation/web-application-overview.md
docs/passwordsecure/9.2/passwordsecure/installation/installation_web_application/microsoft_iis.md,docs/passwordsecure/9.2/installation-setup/web-application-installation/iis-configuration.md
docs/passwordsecure/9.2/passwordsecure/installation/installation_web_application/nginx.md,docs/passwordsecure/9.2/installation-setup/web-application-installation/nginx-configuration.md
docs/passwordsecure/9.2/passwordsecure/installation/installation.md,docs/passwordsecure/9.2/getting-started/quick-start-guide.md
docs/passwordsecure/9.2/passwordsecure/installation/requirements/application_server.md,docs/passwordsecure/9.2/installation-setup/system-requirements/server-requirements.md
docs/passwordsecure/9.2/passwordsecure/installation/requirements/browser.md,docs/passwordsecure/9.2/installation-setup/system-requirements/web-server-requirements.md
docs/passwordsecure/9.2/passwordsecure/installation/requirements/client_configuration.md,docs/passwordsecure/9.2/installation-setup/system-requirements/client-requirements.md
docs/passwordsecure/9.2/passwordsecure/installation/requirements/mobile_apps.md,docs/passwordsecure/9.2/installation-setup/system-requirements/mobile-requirements.md
docs/passwordsecure/9.2/passwordsecure/installation/requirements/msp_system.md,docs/passwordsecure/9.2/installation-setup/system-requirements/server-requirements.md
docs/passwordsecure/9.2/passwordsecure/installation/requirements/mssql_server.md,docs/passwordsecure/9.2/installation-setup/system-requirements/database-requirements.md
docs/passwordsecure/9.2/passwordsecure/installation/requirements/webserver.md,docs/passwordsecure/9.2/installation-setup/system-requirements/web-server-requirements.md
docs/passwordsecure/9.2/passwordsecure/maintenance/migration_guide.md,docs/passwordsecure/9.2/maintenance/migration/migration-guide.md
docs/passwordsecure/9.2/passwordsecure/maintenance/moving_the_server.md,docs/passwordsecure/9.2/maintenance/migration/server-migration.md
docs/passwordsecure/9.2/passwordsecure/maintenance/update.md,docs/passwordsecure/9.2/maintenance/updates/update-procedures.md
docs/passwordsecure/9.2/passwordsecure/welcome/introduction.md,docs/passwordsecure/9.2/getting-started/introduction.md
docs/passwordsecure/9.2/passwordsecure/welcome/version_history/version_8.16.0.29823.md,docs/passwordsecure/9.2/reference/version-history/version-history.md
docs/passwordsecure/9.2/passwordsecure/welcome/version_history/version_8.16.1.29875.md,docs/passwordsecure/9.2/reference/version-history/version-history.md
docs/passwordsecure/9.2/passwordsecure/welcome/version_history/version_8.16.3.29968.md,docs/passwordsecure/9.2/reference/version-history/version-history.md
docs/passwordsecure/9.2/passwordsecure/welcome/version_history/version_8.16.4.30125.md,docs/passwordsecure/9.2/reference/version-history/version-history.md
docs/passwordsecure/9.2/passwordsecure/welcome/version_history/version_8.16.5.30226.md,docs/passwordsecure/9.2/reference/version-history/version-history.md
docs/passwordsecure/9.2/passwordsecure/welcome/version_history/version_8.16.6.30233.md,docs/passwordsecure/9.2/reference/version-history/version-history.md
docs/passwordsecure/9.2/passwordsecure/welcome/version_history/version_9.0.0.30423.md,docs/passwordsecure/9.2/reference/version-history/version-history.md
docs/passwordsecure/9.2/passwordsecure/welcome/version_history/version_9.0.1.30479.md,docs/passwordsecure/9.2/reference/version-history/version-history.md
docs/passwordsecure/9.2/passwordsecure/welcome/version_history/version_9.0.2.30602.md,docs/passwordsecure/9.2/reference/version-history/version-history.md
docs/passwordsecure/9.2/passwordsecure/welcome/version_history/version_9.0.3.30606.md,docs/passwordsecure/9.2/reference/version-history/version-history.md
docs/passwordsecure/9.2/passwordsecure/welcome/version_history/version_9.1.0.30996.md,docs/passwordsecure/9.2/reference/version-history/version-history.md
docs/passwordsecure/9.2/passwordsecure/welcome/version_history/version_9.1.1.31138.md,docs/passwordsecure/9.2/reference/version-history/version-history.md
docs/passwordsecure/9.2/passwordsecure/welcome/version_history/version_9.1.2.31276.md,docs/passwordsecure/9.2/reference/version-history/version-history.md
docs/passwordsecure/9.2/passwordsecure/welcome/version_history/version_9.1.3.31365.md,docs/passwordsecure/9.2/reference/version-history/version-history.md
docs/passwordsecure/9.2/passwordsecure/welcome/version_history/version_9.2.0.32454.md,docs/passwordsecure/9.2/reference/version-history/version-history.md
docs/passwordsecure/9.2/passwordsecure/welcome/version_history/version_9.2.1.32530.md,docs/passwordsecure/9.2/reference/version-history/version-history.md
docs/passwordsecure/9.2/passwordsecure/welcome/version_history/version_history.md,docs/passwordsecure/9.2/reference/version-history/version-history.md
docs/passwordsecure/9.2/passwordsecure/welcome/whats_new.md,docs/passwordsecure/9.2/getting-started/whats-new.md
docs/passwordsecure/9.2/passwordsecure/welcome/whypasswordsecure.md,docs/passwordsecure/9.2/getting-started/why-passwordsecure.md
