docs/passwordreset/3.3/index.md,docs/passwordreset/3.3/index.md
docs/passwordreset/3.3/passwordpolicyenforcer/administration/administration_overview.md,docs/passwordreset/3.3/password-policy-enforcer/index.md
docs/passwordreset/3.3/passwordpolicyenforcer/administration/password_policy_client.md,docs/passwordreset/3.3/password-policy-enforcer/configuration/password-policy-client.md
docs/passwordreset/3.3/passwordpolicyenforcer/administration/similarity_rule.md,docs/passwordreset/3.3/password-policy-enforcer/configuration/similarity-rules.md
docs/passwordreset/3.3/passwordpolicyenforcer/evaluation/evaluation_overview.md,docs/passwordreset/3.3/password-policy-enforcer/evaluation/index.md
docs/passwordreset/3.3/passwordreset/administration/about_tab.md,docs/passwordreset/3.3/password-reset/configuration/general-settings.md
docs/passwordreset/3.3/passwordreset/administration/administration_overview.md,docs/passwordreset/3.3/password-reset/index.md
docs/passwordreset/3.3/passwordreset/administration/configuring_password_reset.md,docs/passwordreset/3.3/password-reset/configuration/index.md
docs/passwordreset/3.3/passwordreset/administration/editing_the_html_templates.md,docs/passwordreset/3.3/password-reset/administration/html-template-customization.md
docs/passwordreset/3.3/passwordreset/administration/email_tab.md,docs/passwordreset/3.3/password-reset/configuration/email-configuration.md
docs/passwordreset/3.3/passwordreset/administration/enroll_tab.md,docs/passwordreset/3.3/password-reset/configuration/enrollment-settings.md
docs/passwordreset/3.3/passwordreset/administration/filter_editor.md,docs/passwordreset/3.3/password-reset/usage/filtering-and-reporting.md
docs/passwordreset/3.3/passwordreset/administration/filtering_data.md,docs/passwordreset/3.3/password-reset/usage/filtering-and-reporting.md
docs/passwordreset/3.3/passwordreset/administration/general_tab.md,docs/passwordreset/3.3/password-reset/configuration/general-settings.md
docs/passwordreset/3.3/passwordreset/administration/installation.md,docs/passwordreset/3.3/getting-started/installation.md
docs/passwordreset/3.3/passwordreset/administration/moving_to_sql_server.md,docs/passwordreset/3.3/password-reset/advanced/sql-server-migration.md
docs/passwordreset/3.3/passwordreset/administration/password_reset_client.md,docs/passwordreset/3.3/password-reset/usage/password-reset-client.md
docs/passwordreset/3.3/passwordreset/administration/permissions_tab.md,docs/passwordreset/3.3/password-reset/configuration/permissions.md
docs/passwordreset/3.3/passwordreset/administration/persuading_users_to_enroll.md,docs/passwordreset/3.3/password-reset/administration/user-enrollment.md
docs/passwordreset/3.3/passwordreset/administration/securing_password_reset.md,docs/passwordreset/3.3/password-reset/advanced/securing-password-reset.md
docs/passwordreset/3.3/passwordreset/administration/security_tab.md,docs/passwordreset/3.3/password-reset/configuration/security-settings.md
docs/passwordreset/3.3/passwordreset/administration/using_password_reset.md,docs/passwordreset/3.3/password-reset/usage/using-password-reset.md
docs/passwordreset/3.3/passwordreset/administration/using_the_data_console.md,docs/passwordreset/3.3/password-reset/administration/data-console.md
docs/passwordreset/3.3/passwordreset/administration/verification_tab.md,docs/passwordreset/3.3/password-reset/configuration/verification-methods.md
docs/passwordreset/3.3/passwordreset/administration/what_new.md,docs/passwordreset/3.3/getting-started/what-is-new.md
docs/passwordreset/3.3/passwordreset/administration/working_with_the_database.md,docs/passwordreset/3.3/password-reset/administration/database-management.md
docs/passwordreset/3.3/passwordreset/evaluation/conclusion.md,docs/passwordreset/3.3/getting-started/quick-start-guide.md
docs/passwordreset/3.3/passwordreset/evaluation/configuring_password_reset.md,docs/passwordreset/3.3/getting-started/quick-start-guide.md
docs/passwordreset/3.3/passwordreset/evaluation/data_console.md,docs/passwordreset/3.3/password-reset/administration/data-console.md
docs/passwordreset/3.3/passwordreset/evaluation/evaluation_overview.md,docs/passwordreset/3.3/getting-started/index.md
docs/passwordreset/3.3/passwordreset/evaluation/installation.md,docs/passwordreset/3.3/getting-started/installation.md
docs/passwordreset/3.3/passwordreset/evaluation/password_reset_client.md,docs/passwordreset/3.3/password-reset/usage/password-reset-client.md
docs/passwordreset/3.3/passwordreset/evaluation/using_password_reset.md,docs/passwordreset/3.3/getting-started/quick-start-guide.md
docs/passwordreset/3.3/passwordreset/evaluation/using.md,docs/passwordreset/3.3/getting-started/quick-start-guide.md
docs/passwordreset/3.3/passwordreset/netwrix_password_reset_documentation.md,docs/passwordreset/3.3/password-reset/index.md
