docs/platgovnetsuiteflashlight/index.md,docs/platgovnetsuiteflashlight/index.md
docs/platgovnetsuiteflashlight/welcome.md,docs/platgovnetsuiteflashlight/overview/welcome.md
docs/platgovnetsuiteflashlight/getting_started/install_flashlight.md,docs/platgovnetsuiteflashlight/getting-started/installation.md
docs/platgovnetsuiteflashlight/getting_started/setting_up_licensed_user.md,docs/platgovnetsuiteflashlight/getting-started/licensing.md
docs/platgovnetsuiteflashlight/getting_started/configuring_account.md,docs/platgovnetsuiteflashlight/getting-started/initial-setup.md
docs/platgovnetsuiteflashlight/getting_started/documenting_account.md,docs/platgovnetsuiteflashlight/administration/documentation-management.md
docs/platgovnetsuiteflashlight/getting_started/dashboard.md,docs/platgovnetsuiteflashlight/user-guide/dashboard.md
docs/platgovnetsuiteflashlight/getting_started/what_does_flashlight_document.md,docs/platgovnetsuiteflashlight/overview/features.md
docs/platgovnetsuiteflashlight/getting_started/tutorial_videos.md,docs/platgovnetsuiteflashlight/resources/tutorial-videos.md
docs/platgovnetsuiteflashlight/getting_started/uninstalling_flashlight.md,docs/platgovnetsuiteflashlight/administration/uninstallation.md
docs/platgovnetsuiteflashlight/using_flashlight/using_spider.md,docs/platgovnetsuiteflashlight/user-guide/data-visualization/spider-diagrams.md
docs/platgovnetsuiteflashlight/using_flashlight/using_erd.md,docs/platgovnetsuiteflashlight/user-guide/data-visualization/entity-relationship-diagrams.md
docs/platgovnetsuiteflashlight/using_flashlight/using_customization_impact_analysis.md,docs/platgovnetsuiteflashlight/user-guide/customization-management/impact-analysis.md
docs/platgovnetsuiteflashlight/using_flashlight/standard_field_impact_analysis.md,docs/platgovnetsuiteflashlight/user-guide/customization-management/impact-analysis.md
docs/platgovnetsuiteflashlight/using_flashlight/customization_reports.md,docs/platgovnetsuiteflashlight/user-guide/customization-management/reports.md
docs/platgovnetsuiteflashlight/using_flashlight/understanding_customization_record.md,docs/platgovnetsuiteflashlight/user-guide/customization-management/best-practices.md
docs/platgovnetsuiteflashlight/using_flashlight/sql_library.md,docs/platgovnetsuiteflashlight/user-guide/sql-tools.md
docs/platgovnetsuiteflashlight/using_flashlight/user_mgmt_reports.md,docs/platgovnetsuiteflashlight/user-guide/user-management.md
docs/platgovnetsuiteflashlight/troubleshooting/spider_spins.md,docs/platgovnetsuiteflashlight/troubleshooting/performance.md
docs/platgovnetsuiteflashlight/troubleshooting/spider_page_not_found.md,docs/platgovnetsuiteflashlight/troubleshooting/common-issues.md
docs/platgovnetsuiteflashlight/troubleshooting/list_segments_not_editable.md,docs/platgovnetsuiteflashlight/troubleshooting/common-issues.md
docs/platgovnetsuiteflashlight/troubleshooting/system_maintenance_period_error.md,docs/platgovnetsuiteflashlight/troubleshooting/common-issues.md
docs/platgovnetsuiteflashlight/troubleshooting/stop_scripts.md,docs/platgovnetsuiteflashlight/troubleshooting/performance.md
docs/platgovnetsuiteflashlight/troubleshooting/release_note_notifications.md,docs/platgovnetsuiteflashlight/resources/release-notes.md
docs/platgovnetsuiteflashlight/troubleshooting/report_a_bug.md,docs/platgovnetsuiteflashlight/troubleshooting/support.md
docs/platgovnetsuiteflashlight/getting_started/dashboard.md,docs/platgovnetsuiteflashlight/getting-started/quick-start.md
docs/platgovnetsuiteflashlight/getting_started/configuring_account.md,docs/platgovnetsuiteflashlight/administration/configuration.md
