docs/recoveryforactivedirectory/2.6/index.md,docs/recoveryforactivedirectory/2.6/index.md
docs/recoveryforactivedirectory/2.6/recoveryforactivedirectory/overview.md,docs/recoveryforactivedirectory/2.6/index.md
docs/recoveryforactivedirectory/2.6/recoveryforactivedirectory/whatsnew.md,docs/recoveryforactivedirectory/2.6/whats-new.md
docs/recoveryforactivedirectory/2.6/recoveryforactivedirectory/gettingstarted.md,docs/recoveryforactivedirectory/2.6/getting-started/index.md
docs/recoveryforactivedirectory/2.6/recoveryforactivedirectory/requirements/overview.md,docs/recoveryforactivedirectory/2.6/requirements/index.md
docs/recoveryforactivedirectory/2.6/recoveryforactivedirectory/requirements/server.md,docs/recoveryforactivedirectory/2.6/requirements/system-requirements.md
docs/recoveryforactivedirectory/2.6/recoveryforactivedirectory/requirements/targetserver.md,docs/recoveryforactivedirectory/2.6/requirements/system-requirements.md
docs/recoveryforactivedirectory/2.6/recoveryforactivedirectory/requirements/firewallrules.md,docs/recoveryforactivedirectory/2.6/requirements/firewall-rules.md
docs/recoveryforactivedirectory/2.6/recoveryforactivedirectory/requirements/targetdomain.md,docs/recoveryforactivedirectory/2.6/requirements/target-domain-requirements.md
docs/recoveryforactivedirectory/2.6/recoveryforactivedirectory/requirements/sqlserver.md,docs/recoveryforactivedirectory/2.6/requirements/sql-server-requirements.md
docs/recoveryforactivedirectory/2.6/recoveryforactivedirectory/requirements/rsatextension.md,docs/recoveryforactivedirectory/2.6/rsat-extension/index.md
docs/recoveryforactivedirectory/2.6/recoveryforactivedirectory/install/overview.md,docs/recoveryforactivedirectory/2.6/getting-started/installation.md
docs/recoveryforactivedirectory/2.6/recoveryforactivedirectory/install/application.md,docs/recoveryforactivedirectory/2.6/getting-started/installation.md
docs/recoveryforactivedirectory/2.6/recoveryforactivedirectory/install/configurationutility.md,docs/recoveryforactivedirectory/2.6/getting-started/initial-configuration.md
docs/recoveryforactivedirectory/2.6/recoveryforactivedirectory/install/firstlaunch.md,docs/recoveryforactivedirectory/2.6/getting-started/initial-configuration.md
docs/recoveryforactivedirectory/2.6/recoveryforactivedirectory/install/login.md,docs/recoveryforactivedirectory/2.6/getting-started/first-login.md
docs/recoveryforactivedirectory/2.6/recoveryforactivedirectory/install/upgrade.md,docs/recoveryforactivedirectory/2.6/getting-started/upgrade.md
docs/recoveryforactivedirectory/2.6/recoveryforactivedirectory/admin/overview.md,docs/recoveryforactivedirectory/2.6/administration/index.md
docs/recoveryforactivedirectory/2.6/recoveryforactivedirectory/admin/navigation.md,docs/recoveryforactivedirectory/2.6/administration/navigation-overview.md
docs/recoveryforactivedirectory/2.6/recoveryforactivedirectory/admin/configuremfa.md,docs/recoveryforactivedirectory/2.6/administration/multi-factor-authentication.md
docs/recoveryforactivedirectory/2.6/recoveryforactivedirectory/admin/audit.md,docs/recoveryforactivedirectory/2.6/administration/audit-logging.md
docs/recoveryforactivedirectory/2.6/recoveryforactivedirectory/admin/activedirectory/overview.md,docs/recoveryforactivedirectory/2.6/domain-recovery/index.md
docs/recoveryforactivedirectory/2.6/recoveryforactivedirectory/admin/activedirectory/domainbackupconfig.md,docs/recoveryforactivedirectory/2.6/domain-recovery/backup-configuration.md
docs/recoveryforactivedirectory/2.6/recoveryforactivedirectory/admin/activedirectory/recover.md,docs/recoveryforactivedirectory/2.6/domain-recovery/performing-recovery.md
docs/recoveryforactivedirectory/2.6/recoveryforactivedirectory/admin/activedirectory/rollback.md,docs/recoveryforactivedirectory/2.6/domain-recovery/rollback-operations.md
docs/recoveryforactivedirectory/2.6/recoveryforactivedirectory/admin/forest/forest.md,docs/recoveryforactivedirectory/2.6/forest-recovery/index.md
docs/recoveryforactivedirectory/2.6/recoveryforactivedirectory/admin/forest/recover.md,docs/recoveryforactivedirectory/2.6/forest-recovery/forest-recovery-procedures.md
docs/recoveryforactivedirectory/2.6/recoveryforactivedirectory/admin/configuration/overview.md,docs/recoveryforactivedirectory/2.6/configuration/index.md
docs/recoveryforactivedirectory/2.6/recoveryforactivedirectory/admin/configuration/domain.md,docs/recoveryforactivedirectory/2.6/configuration/domain-configuration.md
docs/recoveryforactivedirectory/2.6/recoveryforactivedirectory/admin/configuration/dataretention.md,docs/recoveryforactivedirectory/2.6/configuration/data-retention.md
docs/recoveryforactivedirectory/2.6/recoveryforactivedirectory/admin/configuration/integration.md,docs/recoveryforactivedirectory/2.6/configuration/integrations.md
docs/recoveryforactivedirectory/2.6/recoveryforactivedirectory/admin/configuration/notifications.md,docs/recoveryforactivedirectory/2.6/configuration/notifications.md
docs/recoveryforactivedirectory/2.6/recoveryforactivedirectory/admin/configuration/licensing.md,docs/recoveryforactivedirectory/2.6/configuration/licensing.md
docs/recoveryforactivedirectory/2.6/recoveryforactivedirectory/admin/configuration/roles.md,docs/recoveryforactivedirectory/2.6/configuration/user-roles.md
docs/recoveryforactivedirectory/2.6/recoveryforactivedirectory/rsatextension/overview.md,docs/recoveryforactivedirectory/2.6/rsat-extension/index.md
docs/recoveryforactivedirectory/2.6/recoveryforactivedirectory/rsatextension/installation.md,docs/recoveryforactivedirectory/2.6/rsat-extension/installation.md
docs/recoveryforactivedirectory/2.6/recoveryforactivedirectory/rsatextension/recovery.md,docs/recoveryforactivedirectory/2.6/rsat-extension/recovery-operations.md
docs/recoveryforactivedirectory/2.6/recoveryforactivedirectory/rsatextension/rollback.md,docs/recoveryforactivedirectory/2.6/rsat-extension/rollback-operations.md
docs/recoveryforactivedirectory/2.6/recoveryforactivedirectory/troubleshooting/troubleshooting.md,docs/recoveryforactivedirectory/2.6/troubleshooting/index.md
docs/recoveryforactivedirectory/2.6/recoveryforactivedirectory/troubleshooting/usecases.md,docs/recoveryforactivedirectory/2.6/troubleshooting/use-cases.md
docs/recoveryforactivedirectory/2.6/recoveryforactivedirectory/troubleshooting/updatepassword/credentialpasswords.md,docs/recoveryforactivedirectory/2.6/troubleshooting/password-updates/credential-passwords.md
docs/recoveryforactivedirectory/2.6/recoveryforactivedirectory/troubleshooting/updatepassword/serverbackupaccount.md,docs/recoveryforactivedirectory/2.6/troubleshooting/password-updates/backup-account-passwords.md
docs/recoveryforactivedirectory/2.6/recoveryforactivedirectory/troubleshooting/updatepassword/sqlserverserviceaccount.md,docs/recoveryforactivedirectory/2.6/troubleshooting/password-updates/sql-service-account-passwords.md
