docs/privilegesecure/4.1/index.md,docs/privilegesecure/4.1/index.md
docs/privilegesecure/4.1/privilegesecure/accessmanagement/gettingstarted.md,docs/privilegesecure/4.1/getting-started/index.md
docs/privilegesecure/4.1/privilegesecure/accessmanagement/overview.md,docs/privilegesecure/4.1/overview.md
docs/privilegesecure/4.1/privilegesecure/accessmanagement/whatsnew.md,docs/privilegesecure/4.1/whats-new.md
docs/privilegesecure/4.1/privilegesecure/accessmanagement/admin/producttour.md,docs/privilegesecure/4.1/getting-started/product-tour.md
docs/privilegesecure/4.1/privilegesecure/accessmanagement/admin/overview.md,docs/privilegesecure/4.1/administration/index.md
docs/privilegesecure/4.1/privilegesecure/accessmanagement/admin/navigation.md,docs/privilegesecure/4.1/administration/navigation.md
docs/privilegesecure/4.1/privilegesecure/accessmanagement/admin/login.md,docs/privilegesecure/4.1/getting-started/quick-start.md
docs/privilegesecure/4.1/privilegesecure/accessmanagement/admin/importlicense.md,docs/privilegesecure/4.1/configuration/license-management.md
docs/privilegesecure/4.1/privilegesecure/accessmanagement/admin/troubleshooting.md,docs/privilegesecure/4.1/troubleshooting/index.md
docs/privilegesecure/4.1/privilegesecure/accessmanagement/admin/aboutpage.md,docs/privilegesecure/4.1/monitoring-and-reporting/about.md
docs/privilegesecure/4.1/privilegesecure/accessmanagement/admin/access/createsession.md,docs/privilegesecure/4.1/administration/session-management/create-session.md
docs/privilegesecure/4.1/privilegesecure/accessmanagement/admin/access/myactivities.md,docs/privilegesecure/4.1/administration/activities/activity-management.md
docs/privilegesecure/4.1/privilegesecure/accessmanagement/admin/auditreporting/interface.md,docs/privilegesecure/4.1/monitoring-and-reporting/index.md
docs/privilegesecure/4.1/privilegesecure/accessmanagement/admin/auditreporting/add/accesscertificationtask.md,docs/privilegesecure/4.1/monitoring-and-reporting/access-certification/certification-tasks.md
docs/privilegesecure/4.1/privilegesecure/accessmanagement/admin/auditreporting/page/accesscertification.md,docs/privilegesecure/4.1/monitoring-and-reporting/access-certification/index.md
docs/privilegesecure/4.1/privilegesecure/accessmanagement/admin/auditreporting/page/activitylog.md,docs/privilegesecure/4.1/monitoring-and-reporting/audit-logs/activity-logs.md
docs/privilegesecure/4.1/privilegesecure/accessmanagement/admin/auditreporting/page/dbchangehistory.md,docs/privilegesecure/4.1/monitoring-and-reporting/reporting/database-change-history.md
docs/privilegesecure/4.1/privilegesecure/accessmanagement/admin/auditreporting/page/events.md,docs/privilegesecure/4.1/monitoring-and-reporting/audit-logs/events.md
docs/privilegesecure/4.1/privilegesecure/accessmanagement/admin/auditreporting/page/logfileoptions.md,docs/privilegesecure/4.1/monitoring-and-reporting/audit-logs/log-file-options.md
docs/privilegesecure/4.1/privilegesecure/accessmanagement/admin/auditreporting/page/logfiles.md,docs/privilegesecure/4.1/monitoring-and-reporting/audit-logs/log-files.md
docs/privilegesecure/4.1/privilegesecure/accessmanagement/admin/auditreporting/page/reporting.md,docs/privilegesecure/4.1/monitoring-and-reporting/reporting/report-generation.md
docs/privilegesecure/4.1/privilegesecure/accessmanagement/admin/auditreporting/tab/entitlements.md,docs/privilegesecure/4.1/monitoring-and-reporting/access-certification/entitlements.md
docs/privilegesecure/4.1/privilegesecure/accessmanagement/admin/auditreporting/tab/users.md,docs/privilegesecure/4.1/monitoring-and-reporting/access-certification/user-certifications.md
docs/privilegesecure/4.1/privilegesecure/accessmanagement/admin/configuration/interface.md,docs/privilegesecure/4.1/configuration/index.md
docs/privilegesecure/4.1/privilegesecure/accessmanagement/admin/configuration/add/authenticationconnector.md,docs/privilegesecure/4.1/configuration/authentication/authentication-connectors.md
docs/privilegesecure/4.1/privilegesecure/accessmanagement/admin/configuration/add/byovconnectorconfig.md,docs/privilegesecure/4.1/configuration/integrations/byov.md
docs/privilegesecure/4.1/privilegesecure/accessmanagement/admin/configuration/add/integrationaccessgovernance.md,docs/privilegesecure/4.1/configuration/integrations/access-governance.md
docs/privilegesecure/4.1/privilegesecure/accessmanagement/admin/configuration/add/integrationbyov.md,docs/privilegesecure/4.1/configuration/integrations/byov.md
docs/privilegesecure/4.1/privilegesecure/accessmanagement/admin/configuration/add/integrationcyberark.md,docs/privilegesecure/4.1/configuration/integrations/cyberark.md
docs/privilegesecure/4.1/privilegesecure/accessmanagement/admin/configuration/add/integrationhashicorp.md,docs/privilegesecure/4.1/configuration/integrations/hashicorp.md
docs/privilegesecure/4.1/privilegesecure/accessmanagement/admin/configuration/add/integrationlaps.md,docs/privilegesecure/4.1/configuration/integrations/laps.md
docs/privilegesecure/4.1/privilegesecure/accessmanagement/admin/configuration/add/secretvaultconfig.md,docs/privilegesecure/4.1/administration/resources/platforms/secret-vaults.md
docs/privilegesecure/4.1/privilegesecure/accessmanagement/admin/configuration/add/serviceaccount.md,docs/privilegesecure/4.1/configuration/services/service-accounts.md
docs/privilegesecure/4.1/privilegesecure/accessmanagement/admin/configuration/integrationdetails/cyberark.md,docs/privilegesecure/4.1/configuration/integrations/cyberark.md
docs/privilegesecure/4.1/privilegesecure/accessmanagement/admin/configuration/integrationdetails/entraidappregistration.md,docs/privilegesecure/4.1/configuration/authentication/entra-id-registration.md
docs/privilegesecure/4.1/privilegesecure/accessmanagement/admin/configuration/integrationdetails/openidconnectauthentication.md,docs/privilegesecure/4.1/configuration/authentication/openid-connect.md
docs/privilegesecure/4.1/privilegesecure/accessmanagement/admin/configuration/page/actionservicesettings.md,docs/privilegesecure/4.1/configuration/services/action-service.md
docs/privilegesecure/4.1/privilegesecure/accessmanagement/admin/configuration/page/authentication.md,docs/privilegesecure/4.1/configuration/authentication/index.md
docs/privilegesecure/4.1/privilegesecure/accessmanagement/admin/configuration/page/database.md,docs/privilegesecure/4.1/configuration/database-configuration.md
docs/privilegesecure/4.1/privilegesecure/accessmanagement/admin/configuration/page/emailconfiguration.md,docs/privilegesecure/4.1/configuration/email-configuration.md
docs/privilegesecure/4.1/privilegesecure/accessmanagement/admin/configuration/page/globalsettings.md,docs/privilegesecure/4.1/configuration/global-settings.md
docs/privilegesecure/4.1/privilegesecure/accessmanagement/admin/configuration/page/integrationconnectors.md,docs/privilegesecure/4.1/configuration/integrations/index.md
docs/privilegesecure/4.1/privilegesecure/accessmanagement/admin/configuration/page/localaccountpasswordoptions.md,docs/privilegesecure/4.1/configuration/password-options.md
docs/privilegesecure/4.1/privilegesecure/accessmanagement/admin/configuration/page/passwordhistoryoptions.md,docs/privilegesecure/4.1/configuration/password-options.md
docs/privilegesecure/4.1/privilegesecure/accessmanagement/admin/configuration/page/scheduledtasks.md,docs/privilegesecure/4.1/configuration/scheduled-tasks.md
docs/privilegesecure/4.1/privilegesecure/accessmanagement/admin/configuration/page/serviceaccounts.md,docs/privilegesecure/4.1/configuration/services/service-accounts.md
docs/privilegesecure/4.1/privilegesecure/accessmanagement/admin/configuration/page/servicenodes.md,docs/privilegesecure/4.1/configuration/services/service-nodes.md
docs/privilegesecure/4.1/privilegesecure/accessmanagement/admin/configuration/page/services.md,docs/privilegesecure/4.1/configuration/services/index.md
docs/privilegesecure/4.1/privilegesecure/accessmanagement/admin/configuration/page/siemserver.md,docs/privilegesecure/4.1/configuration/siem/siem-server.md
docs/privilegesecure/4.1/privilegesecure/accessmanagement/admin/configuration/page/siemtemplates.md,docs/privilegesecure/4.1/configuration/siem/siem-templates.md
docs/privilegesecure/4.1/privilegesecure/accessmanagement/admin/configuration/servicetype/action.md,docs/privilegesecure/4.1/configuration/services/action-service.md
docs/privilegesecure/4.1/privilegesecure/accessmanagement/admin/configuration/servicetype/email.md,docs/privilegesecure/4.1/configuration/services/email-service.md
docs/privilegesecure/4.1/privilegesecure/accessmanagement/admin/configuration/servicetype/proxy.md,docs/privilegesecure/4.1/configuration/services/proxy-service.md
docs/privilegesecure/4.1/privilegesecure/accessmanagement/admin/configuration/servicetype/scheduler.md,docs/privilegesecure/4.1/configuration/services/scheduler-service.md
docs/privilegesecure/4.1/privilegesecure/accessmanagement/admin/configuration/servicetype/siem.md,docs/privilegesecure/4.1/configuration/services/siem-service.md
docs/privilegesecure/4.1/privilegesecure/accessmanagement/admin/configuration/wizard/openidconnectconfiguration.md,docs/privilegesecure/4.1/configuration/authentication/openid-connect.md
docs/privilegesecure/4.1/privilegesecure/accessmanagement/admin/configuration/wizard/samlconfiguration.md,docs/privilegesecure/4.1/configuration/authentication/saml.md
docs/privilegesecure/4.1/privilegesecure/accessmanagement/admin/dashboard/active.md,docs/privilegesecure/4.1/administration/dashboard/active-sessions.md
docs/privilegesecure/4.1/privilegesecure/accessmanagement/admin/dashboard/approvals.md,docs/privilegesecure/4.1/administration/dashboard/approvals.md
docs/privilegesecure/4.1/privilegesecure/accessmanagement/admin/dashboard/createsession.md,docs/privilegesecure/4.1/administration/dashboard/session-management.md
docs/privilegesecure/4.1/privilegesecure/accessmanagement/admin/dashboard/credentials.md,docs/privilegesecure/4.1/administration/dashboard/credentials.md
docs/privilegesecure/4.1/privilegesecure/accessmanagement/admin/dashboard/historical.md,docs/privilegesecure/4.1/administration/dashboard/historical-sessions.md
docs/privilegesecure/4.1/privilegesecure/accessmanagement/admin/dashboard/overview.md,docs/privilegesecure/4.1/administration/dashboard/overview.md
docs/privilegesecure/4.1/privilegesecure/accessmanagement/admin/dashboard/resources.md,docs/privilegesecure/4.1/administration/dashboard/resources.md
docs/privilegesecure/4.1/privilegesecure/accessmanagement/admin/dashboard/scheduled.md,docs/privilegesecure/4.1/administration/dashboard/scheduled-sessions.md
docs/privilegesecure/4.1/privilegesecure/accessmanagement/admin/dashboard/startsession.md,docs/privilegesecure/4.1/administration/dashboard/session-management.md
docs/privilegesecure/4.1/privilegesecure/accessmanagement/admin/dashboard/users.md,docs/privilegesecure/4.1/administration/dashboard/users.md
docs/privilegesecure/4.1/privilegesecure/accessmanagement/admin/dashboard/window/liveviewer.md,docs/privilegesecure/4.1/administration/session-management/live-viewer.md
docs/privilegesecure/4.1/privilegesecure/accessmanagement/admin/dashboard/window/locksession.md,docs/privilegesecure/4.1/administration/session-management/lock-session.md
docs/privilegesecure/4.1/privilegesecure/accessmanagement/admin/dashboard/window/replayviewer.md,docs/privilegesecure/4.1/administration/session-management/replay-viewer.md
docs/privilegesecure/4.1/privilegesecure/accessmanagement/admin/dashboard/window/sessionlogs.md,docs/privilegesecure/4.1/administration/session-management/session-logs.md
docs/privilegesecure/4.1/privilegesecure/accessmanagement/admin/dashboard/window/terminateproxysession.md,docs/privilegesecure/4.1/administration/session-management/terminate-session.md
docs/privilegesecure/4.1/privilegesecure/accessmanagement/admin/policy/interface.md,docs/privilegesecure/4.1/administration/index.md
docs/privilegesecure/4.1/privilegesecure/accessmanagement/admin/policy/activityactiontypes.md,docs/privilegesecure/4.1/administration/activities/activity-actions.md
docs/privilegesecure/4.1/privilegesecure/accessmanagement/admin/policy/activityloginaccounttemplates.md,docs/privilegesecure/4.1/administration/activities/activity-templates.md
docs/privilegesecure/4.1/privilegesecure/accessmanagement/admin/policy/credentialrotationmethod.md,docs/privilegesecure/4.1/administration/credentials/rotation-methods.md
docs/privilegesecure/4.1/privilegesecure/accessmanagement/admin/policy/resourceimportcsv.md,docs/privilegesecure/4.1/administration/resources/resource-management/import-from-csv.md
docs/privilegesecure/4.1/privilegesecure/accessmanagement/admin/policy/add/accesspolicy.md,docs/privilegesecure/4.1/administration/access-policies/policy-management.md
docs/privilegesecure/4.1/privilegesecure/accessmanagement/admin/policy/add/activity.md,docs/privilegesecure/4.1/administration/activities/activity-management.md
docs/privilegesecure/4.1/privilegesecure/accessmanagement/admin/policy/add/activitygroup.md,docs/privilegesecure/4.1/administration/activities/activity-groups.md
docs/privilegesecure/4.1/privilegesecure/accessmanagement/admin/policy/add/activitytokencomplexity.md,docs/privilegesecure/4.1/administration/activities/activity-tokens.md
docs/privilegesecure/4.1/privilegesecure/accessmanagement/admin/policy/add/application.md,docs/privilegesecure/4.1/administration/applications/application-management.md
docs/privilegesecure/4.1/privilegesecure/accessmanagement/admin/policy/add/connectionprofile.md,docs/privilegesecure/4.1/administration/connection-profiles/profile-management.md
docs/privilegesecure/4.1/privilegesecure/accessmanagement/admin/policy/add/connectionprofileapproval.md,docs/privilegesecure/4.1/administration/connection-profiles/profile-approvals.md
docs/privilegesecure/4.1/privilegesecure/accessmanagement/admin/policy/add/credentialgroup.md,docs/privilegesecure/4.1/administration/credentials/credential-groups.md
docs/privilegesecure/4.1/privilegesecure/accessmanagement/admin/policy/add/customrole.md,docs/privilegesecure/4.1/administration/users-and-groups/custom-roles.md
docs/privilegesecure/4.1/privilegesecure/accessmanagement/admin/policy/add/database.md,docs/privilegesecure/4.1/administration/resources/resource-details/databases.md
docs/privilegesecure/4.1/privilegesecure/accessmanagement/admin/policy/add/domain.md,docs/privilegesecure/4.1/administration/resources/resource-details/domains.md
docs/privilegesecure/4.1/privilegesecure/accessmanagement/admin/policy/add/entraidtenant.md,docs/privilegesecure/4.1/administration/resources/resource-details/entraid-tenants.md
docs/privilegesecure/4.1/privilegesecure/accessmanagement/admin/policy/add/localuser.md,docs/privilegesecure/4.1/administration/users-and-groups/local-users.md
docs/privilegesecure/4.1/privilegesecure/accessmanagement/admin/policy/add/passwordcomplexity.md,docs/privilegesecure/4.1/administration/credentials/password-policies.md
docs/privilegesecure/4.1/privilegesecure/accessmanagement/admin/policy/add/protectionpolicy.md,docs/privilegesecure/4.1/administration/access-policies/protection-policies.md
docs/privilegesecure/4.1/privilegesecure/accessmanagement/admin/policy/add/resourcegroup.md,docs/privilegesecure/4.1/administration/resources/resource-management/resource-groups.md
docs/privilegesecure/4.1/privilegesecure/accessmanagement/admin/policy/add/schedulepolicy.md,docs/privilegesecure/4.1/administration/access-policies/schedule-policies.md
docs/privilegesecure/4.1/privilegesecure/accessmanagement/admin/policy/add/secretvault.md,docs/privilegesecure/4.1/administration/resources/resource-details/secret-vaults.md
docs/privilegesecure/4.1/privilegesecure/accessmanagement/admin/policy/add/website.md,docs/privilegesecure/4.1/administration/resources/resource-details/websites.md
docs/privilegesecure/4.1/privilegesecure/accessmanagement/admin/policy/edit/changepermissions.md,docs/privilegesecure/4.1/administration/access-policies/policy-permissions.md
docs/privilegesecure/4.1/privilegesecure/accessmanagement/admin/policy/edit/schedulepolicy.md,docs/privilegesecure/4.1/administration/access-policies/schedule-policies.md
docs/privilegesecure/4.1/privilegesecure/accessmanagement/admin/policy/page/accesspolicy.md,docs/privilegesecure/4.1/administration/access-policies/index.md
docs/privilegesecure/4.1/privilegesecure/accessmanagement/admin/policy/page/activities.md,docs/privilegesecure/4.1/administration/activities/index.md
docs/privilegesecure/4.1/privilegesecure/accessmanagement/admin/policy/page/activitygroups.md,docs/privilegesecure/4.1/administration/activities/activity-groups.md
docs/privilegesecure/4.1/privilegesecure/accessmanagement/admin/policy/page/activitytokencomplexity.md,docs/privilegesecure/4.1/administration/activities/activity-tokens.md
docs/privilegesecure/4.1/privilegesecure/accessmanagement/admin/policy/page/connectionprofiles.md,docs/privilegesecure/4.1/administration/connection-profiles/index.md
docs/privilegesecure/4.1/privilegesecure/accessmanagement/admin/policy/page/credentialgroups.md,docs/privilegesecure/4.1/administration/credentials/credential-groups.md
docs/privilegesecure/4.1/privilegesecure/accessmanagement/admin/policy/page/credentials.md,docs/privilegesecure/4.1/administration/credentials/index.md
docs/privilegesecure/4.1/privilegesecure/accessmanagement/admin/policy/page/passwordcomplexity.md,docs/privilegesecure/4.1/administration/credentials/password-policies.md
docs/privilegesecure/4.1/privilegesecure/accessmanagement/admin/policy/page/protectionpolicies.md,docs/privilegesecure/4.1/administration/access-policies/protection-policies.md
docs/privilegesecure/4.1/privilegesecure/accessmanagement/admin/policy/page/resourcegroups.md,docs/privilegesecure/4.1/administration/resources/resource-management/resource-groups.md
docs/privilegesecure/4.1/privilegesecure/accessmanagement/admin/policy/page/resources.md,docs/privilegesecure/4.1/administration/resources/index.md
docs/privilegesecure/4.1/privilegesecure/accessmanagement/admin/policy/page/rolemanagement.md,docs/privilegesecure/4.1/administration/users-and-groups/role-management.md
docs/privilegesecure/4.1/privilegesecure/accessmanagement/admin/policy/page/schedulepolicies.md,docs/privilegesecure/4.1/administration/access-policies/schedule-policies.md
docs/privilegesecure/4.1/privilegesecure/accessmanagement/admin/policy/page/usergroupcollections.md,docs/privilegesecure/4.1/administration/users-and-groups/user-group-collections.md
docs/privilegesecure/4.1/privilegesecure/accessmanagement/admin/policy/page/usersgroups.md,docs/privilegesecure/4.1/administration/users-and-groups/index.md
docs/privilegesecure/4.1/privilegesecure/accessmanagement/admin/policy/page/details/databases.md,docs/privilegesecure/4.1/administration/resources/resource-details/databases.md
docs/privilegesecure/4.1/privilegesecure/accessmanagement/admin/policy/page/details/domain.md,docs/privilegesecure/4.1/administration/resources/resource-details/domains.md
docs/privilegesecure/4.1/privilegesecure/accessmanagement/admin/policy/page/details/entraid.md,docs/privilegesecure/4.1/administration/resources/resource-details/entraid-tenants.md
docs/privilegesecure/4.1/privilegesecure/accessmanagement/admin/policy/page/details/host.md,docs/privilegesecure/4.1/administration/resources/resource-details/hosts.md
docs/privilegesecure/4.1/privilegesecure/accessmanagement/admin/policy/page/details/rolemanagementcustom.md,docs/privilegesecure/4.1/administration/users-and-groups/custom-roles.md
docs/privilegesecure/4.1/privilegesecure/accessmanagement/admin/policy/page/details/rolemanagementdefault.md,docs/privilegesecure/4.1/administration/users-and-groups/role-management.md
docs/privilegesecure/4.1/privilegesecure/accessmanagement/admin/policy/page/details/secretvault.md,docs/privilegesecure/4.1/administration/resources/resource-details/secret-vaults.md
docs/privilegesecure/4.1/privilegesecure/accessmanagement/admin/policy/page/details/usergroupapplication.md,docs/privilegesecure/4.1/administration/applications/index.md
docs/privilegesecure/4.1/privilegesecure/accessmanagement/admin/policy/page/details/website.md,docs/privilegesecure/4.1/administration/resources/resource-details/websites.md
docs/privilegesecure/4.1/privilegesecure/accessmanagement/admin/policy/page/platforms/overview.md,docs/privilegesecure/4.1/administration/resources/platforms/index.md
docs/privilegesecure/4.1/privilegesecure/accessmanagement/admin/policy/page/platforms/activedirectory.md,docs/privilegesecure/4.1/administration/resources/platforms/active-directory.md
docs/privilegesecure/4.1/privilegesecure/accessmanagement/admin/policy/page/platforms/cisco.md,docs/privilegesecure/4.1/administration/resources/platforms/cisco.md
docs/privilegesecure/4.1/privilegesecure/accessmanagement/admin/policy/page/platforms/entraid.md,docs/privilegesecure/4.1/administration/resources/platforms/entra-id.md
docs/privilegesecure/4.1/privilegesecure/accessmanagement/admin/policy/page/platforms/linux.md,docs/privilegesecure/4.1/administration/resources/platforms/linux.md
docs/privilegesecure/4.1/privilegesecure/accessmanagement/admin/policy/page/platforms/mssql.md,docs/privilegesecure/4.1/administration/resources/platforms/sql-server.md
docs/privilegesecure/4.1/privilegesecure/accessmanagement/admin/policy/page/platforms/oracle.md,docs/privilegesecure/4.1/administration/resources/platforms/oracle.md
docs/privilegesecure/4.1/privilegesecure/accessmanagement/admin/policy/page/platforms/secretvault.md,docs/privilegesecure/4.1/administration/resources/platforms/secret-vaults.md
docs/privilegesecure/4.1/privilegesecure/accessmanagement/admin/policy/page/platforms/website.md,docs/privilegesecure/4.1/administration/resources/platforms/websites.md
docs/privilegesecure/4.1/privilegesecure/accessmanagement/admin/policy/page/platforms/windows.md,docs/privilegesecure/4.1/administration/resources/platforms/windows.md
docs/privilegesecure/4.1/privilegesecure/accessmanagement/admin/policy/tab/policycredentials/activities.md,docs/privilegesecure/4.1/administration/credentials/credential-management.md
docs/privilegesecure/4.1/privilegesecure/accessmanagement/admin/policy/tab/policycredentials/credentials.md,docs/privilegesecure/4.1/administration/credentials/credential-management.md
docs/privilegesecure/4.1/privilegesecure/accessmanagement/admin/policy/tab/policycredentials/users.md,docs/privilegesecure/4.1/administration/credentials/credential-management.md
docs/privilegesecure/4.1/privilegesecure/accessmanagement/admin/policy/tab/policyprotection/allowedmembers.md,docs/privilegesecure/4.1/administration/access-policies/policy-assignments.md
docs/privilegesecure/4.1/privilegesecure/accessmanagement/admin/policy/tab/policyprotection/resources.md,docs/privilegesecure/4.1/administration/access-policies/policy-assignments.md
docs/privilegesecure/4.1/privilegesecure/accessmanagement/admin/policy/tab/policyprotection/schedule.md,docs/privilegesecure/4.1/administration/access-policies/schedule-policies.md
docs/privilegesecure/4.1/privilegesecure/accessmanagement/admin/policy/tab/policyresource/activities.md,docs/privilegesecure/4.1/administration/access-policies/policy-assignments.md
docs/privilegesecure/4.1/privilegesecure/accessmanagement/admin/policy/tab/policyresource/resources.md,docs/privilegesecure/4.1/administration/access-policies/policy-assignments.md
docs/privilegesecure/4.1/privilegesecure/accessmanagement/admin/policy/tab/policyresource/users.md,docs/privilegesecure/4.1/administration/access-policies/policy-assignments.md
docs/privilegesecure/4.1/privilegesecure/accessmanagement/admin/policy/tab/resources/accesspoliciesentraid.md,docs/privilegesecure/4.1/administration/resources/platforms/entra-id.md
docs/privilegesecure/4.1/privilegesecure/accessmanagement/admin/policy/tab/resources/accesspolicieshost.md,docs/privilegesecure/4.1/administration/resources/resource-details/hosts.md
docs/privilegesecure/4.1/privilegesecure/accessmanagement/admin/policy/tab/resources/accesspolicieswebsite.md,docs/privilegesecure/4.1/administration/resources/platforms/websites.md
docs/privilegesecure/4.1/privilegesecure/accessmanagement/admin/policy/tab/resources/accountssecretvault.md,docs/privilegesecure/4.1/administration/resources/platforms/secret-vaults.md
docs/privilegesecure/4.1/privilegesecure/accessmanagement/admin/policy/tab/resources/applicationsentraid.md,docs/privilegesecure/4.1/administration/resources/platforms/entra-id.md
docs/privilegesecure/4.1/privilegesecure/accessmanagement/admin/policy/tab/resources/computersdomain.md,docs/privilegesecure/4.1/administration/resources/platforms/active-directory.md
docs/privilegesecure/4.1/privilegesecure/accessmanagement/admin/policy/tab/resources/databases.md,docs/privilegesecure/4.1/administration/resources/resource-details/databases.md
docs/privilegesecure/4.1/privilegesecure/accessmanagement/admin/policy/tab/resources/groupsdomain.md,docs/privilegesecure/4.1/administration/resources/platforms/active-directory.md
docs/privilegesecure/4.1/privilegesecure/accessmanagement/admin/policy/tab/resources/groupsentraid.md,docs/privilegesecure/4.1/administration/resources/platforms/entra-id.md
docs/privilegesecure/4.1/privilegesecure/accessmanagement/admin/policy/tab/resources/groupshost.md,docs/privilegesecure/4.1/administration/resources/resource-details/hosts.md
docs/privilegesecure/4.1/privilegesecure/accessmanagement/admin/policy/tab/resources/historydomain.md,docs/privilegesecure/4.1/administration/resources/platforms/active-directory.md
docs/privilegesecure/4.1/privilegesecure/accessmanagement/admin/policy/tab/resources/historyentraid.md,docs/privilegesecure/4.1/administration/resources/platforms/entra-id.md
docs/privilegesecure/4.1/privilegesecure/accessmanagement/admin/policy/tab/resources/historyhost.md,docs/privilegesecure/4.1/administration/resources/resource-details/hosts.md
docs/privilegesecure/4.1/privilegesecure/accessmanagement/admin/policy/tab/resources/historysecretvault.md,docs/privilegesecure/4.1/administration/resources/platforms/secret-vaults.md
docs/privilegesecure/4.1/privilegesecure/accessmanagement/admin/policy/tab/resources/historywebsite.md,docs/privilegesecure/4.1/administration/resources/platforms/websites.md
docs/privilegesecure/4.1/privilegesecure/accessmanagement/admin/policy/tab/resources/installedsoftwarehost.md,docs/privilegesecure/4.1/administration/resources/resource-details/hosts.md
docs/privilegesecure/4.1/privilegesecure/accessmanagement/admin/policy/tab/resources/protectionpolicieshost.md,docs/privilegesecure/4.1/administration/resources/resource-details/hosts.md
docs/privilegesecure/4.1/privilegesecure/accessmanagement/admin/policy/tab/resources/scheduledtaskshost.md,docs/privilegesecure/4.1/administration/resources/resource-details/hosts.md
docs/privilegesecure/4.1/privilegesecure/accessmanagement/admin/policy/tab/resources/serviceshost.md,docs/privilegesecure/4.1/administration/resources/resource-details/hosts.md
docs/privilegesecure/4.1/privilegesecure/accessmanagement/admin/policy/tab/resources/sessionsentraid.md,docs/privilegesecure/4.1/administration/resources/platforms/entra-id.md
docs/privilegesecure/4.1/privilegesecure/accessmanagement/admin/policy/tab/resources/sessionshost.md,docs/privilegesecure/4.1/administration/resources/resource-details/hosts.md
docs/privilegesecure/4.1/privilegesecure/accessmanagement/admin/policy/tab/resources/sessionssecretvault.md,docs/privilegesecure/4.1/administration/resources/platforms/secret-vaults.md
docs/privilegesecure/4.1/privilegesecure/accessmanagement/admin/policy/tab/resources/sessionswebsite.md,docs/privilegesecure/4.1/administration/resources/platforms/websites.md
docs/privilegesecure/4.1/privilegesecure/accessmanagement/admin/policy/tab/resources/syncerrorsdomain.md,docs/privilegesecure/4.1/administration/resources/platforms/active-directory.md
docs/privilegesecure/4.1/privilegesecure/accessmanagement/admin/policy/tab/resources/urlsentraid.md,docs/privilegesecure/4.1/administration/resources/platforms/entra-id.md
docs/privilegesecure/4.1/privilegesecure/accessmanagement/admin/policy/tab/resources/urlswebsite.md,docs/privilegesecure/4.1/administration/resources/platforms/websites.md
docs/privilegesecure/4.1/privilegesecure/accessmanagement/admin/policy/tab/resources/usersdomain.md,docs/privilegesecure/4.1/administration/resources/platforms/active-directory.md
docs/privilegesecure/4.1/privilegesecure/accessmanagement/admin/policy/tab/resources/usersentraid.md,docs/privilegesecure/4.1/administration/resources/platforms/entra-id.md
docs/privilegesecure/4.1/privilegesecure/accessmanagement/admin/policy/tab/resources/usershost.md,docs/privilegesecure/4.1/administration/resources/resource-details/hosts.md
docs/privilegesecure/4.1/privilegesecure/accessmanagement/admin/policy/tab/resources/userswebsite.md,docs/privilegesecure/4.1/administration/resources/platforms/websites.md
docs/privilegesecure/4.1/privilegesecure/accessmanagement/admin/policy/tab/usersgroups/authentication.md,docs/privilegesecure/4.1/administration/users-and-groups/authentication.md
docs/privilegesecure/4.1/privilegesecure/accessmanagement/admin/policy/tab/usersgroups/authenticationconnector.md,docs/privilegesecure/4.1/administration/users-and-groups/authentication.md
docs/privilegesecure/4.1/privilegesecure/accessmanagement/admin/policy/tab/usersgroups/grouproles.md,docs/privilegesecure/4.1/administration/users-and-groups/group-management.md
docs/privilegesecure/4.1/privilegesecure/accessmanagement/admin/policy/tab/usersgroups/history.md,docs/privilegesecure/4.1/administration/users-and-groups/user-management.md
docs/privilegesecure/4.1/privilegesecure/accessmanagement/admin/policy/tab/usersgroups/localrights.md,docs/privilegesecure/4.1/administration/users-and-groups/permissions.md
docs/privilegesecure/4.1/privilegesecure/accessmanagement/admin/policy/tab/usersgroups/members.md,docs/privilegesecure/4.1/administration/users-and-groups/group-management.md
docs/privilegesecure/4.1/privilegesecure/accessmanagement/admin/policy/tab/usersgroups/policies.md,docs/privilegesecure/4.1/administration/users-and-groups/permissions.md
docs/privilegesecure/4.1/privilegesecure/accessmanagement/admin/policy/tab/usersgroups/properties.md,docs/privilegesecure/4.1/administration/users-and-groups/user-management.md
docs/privilegesecure/4.1/privilegesecure/accessmanagement/admin/policy/tab/usersgroups/sessions.md,docs/privilegesecure/4.1/administration/users-and-groups/user-management.md
docs/privilegesecure/4.1/privilegesecure/accessmanagement/admin/policy/tab/usersgroups/userroles.md,docs/privilegesecure/4.1/administration/users-and-groups/role-management.md
docs/privilegesecure/4.1/privilegesecure/accessmanagement/admin/policy/window/accesspolicy/addactivitiesandactivitygroups.md,docs/privilegesecure/4.1/administration/access-policies/policy-assignments.md
docs/privilegesecure/4.1/privilegesecure/accessmanagement/admin/policy/window/accesspolicy/addcredentials.md,docs/privilegesecure/4.1/administration/access-policies/policy-assignments.md
docs/privilegesecure/4.1/privilegesecure/accessmanagement/admin/policy/window/accesspolicy/addresourcesandresourcegroups.md,docs/privilegesecure/4.1/administration/access-policies/policy-assignments.md
docs/privilegesecure/4.1/privilegesecure/accessmanagement/admin/policy/window/activities/addaction.md,docs/privilegesecure/4.1/administration/activities/activity-actions.md
docs/privilegesecure/4.1/privilegesecure/accessmanagement/admin/policy/window/activities/addactivities.md,docs/privilegesecure/4.1/administration/activities/activity-management.md
docs/privilegesecure/4.1/privilegesecure/accessmanagement/admin/policy/window/credentials/accountdependencies.md,docs/privilegesecure/4.1/administration/credentials/dependencies.md
docs/privilegesecure/4.1/privilegesecure/accessmanagement/admin/policy/window/credentials/addcredentials.md,docs/privilegesecure/4.1/administration/credentials/credential-management.md
docs/privilegesecure/4.1/privilegesecure/accessmanagement/admin/policy/window/credentials/manageinternalserviceaccount.md,docs/privilegesecure/4.1/administration/credentials/service-account-credentials.md
docs/privilegesecure/4.1/privilegesecure/accessmanagement/admin/policy/window/credentials/passwordhistory.md,docs/privilegesecure/4.1/administration/credentials/password-history.md
docs/privilegesecure/4.1/privilegesecure/accessmanagement/admin/policy/window/credentials/viewpassword.md,docs/privilegesecure/4.1/administration/credentials/credential-management.md
docs/privilegesecure/4.1/privilegesecure/accessmanagement/admin/policy/window/protectionpolicies/addresources.md,docs/privilegesecure/4.1/administration/access-policies/policy-assignments.md
docs/privilegesecure/4.1/privilegesecure/accessmanagement/admin/policy/window/resources/addamanagedaccount.md,docs/privilegesecure/4.1/administration/resources/resource-management/managed-accounts.md
docs/privilegesecure/4.1/privilegesecure/accessmanagement/admin/policy/window/resources/addamanageduser.md,docs/privilegesecure/4.1/administration/resources/resource-management/managed-users.md
docs/privilegesecure/4.1/privilegesecure/accessmanagement/admin/policy/window/resources/addnewserviceaccount.md,docs/privilegesecure/4.1/administration/resources/resource-management/service-accounts.md
docs/privilegesecure/4.1/privilegesecure/accessmanagement/admin/policy/window/resources/addresourcesonboard.md,docs/privilegesecure/4.1/administration/resources/resource-management/onboarding-resources.md
docs/privilegesecure/4.1/privilegesecure/accessmanagement/admin/policy/window/resources/addresourcestogroup.md,docs/privilegesecure/4.1/administration/resources/resource-management/resource-groups.md
docs/privilegesecure/4.1/privilegesecure/accessmanagement/admin/policy/window/resources/addwebsiteurl.md,docs/privilegesecure/4.1/administration/resources/platforms/websites.md
docs/privilegesecure/4.1/privilegesecure/accessmanagement/admin/policy/window/resources/changeplatform.md,docs/privilegesecure/4.1/administration/resources/resource-management/adding-resources.md
docs/privilegesecure/4.1/privilegesecure/accessmanagement/admin/policy/window/resources/changeserviceaccount.md,docs/privilegesecure/4.1/administration/resources/resource-management/service-accounts.md
docs/privilegesecure/4.1/privilegesecure/accessmanagement/admin/policy/window/resources/configuresecurewinrmconnection.md,docs/privilegesecure/4.1/administration/resources/platforms/windows.md
docs/privilegesecure/4.1/privilegesecure/accessmanagement/admin/policy/window/resources/editamanagedaccount.md,docs/privilegesecure/4.1/administration/resources/resource-management/managed-accounts.md
docs/privilegesecure/4.1/privilegesecure/accessmanagement/admin/policy/window/resources/enrollhostsinmanagement.md,docs/privilegesecure/4.1/administration/resources/resource-management/enrollment.md
docs/privilegesecure/4.1/privilegesecure/accessmanagement/admin/policy/window/resources/passwordresetoptions.md,docs/privilegesecure/4.1/administration/credentials/password-policies.md
docs/privilegesecure/4.1/privilegesecure/accessmanagement/admin/policy/window/resources/testresourceconnectivity.md,docs/privilegesecure/4.1/administration/resources/resource-management/test-connectivity.md
docs/privilegesecure/4.1/privilegesecure/accessmanagement/admin/policy/window/usersgroups/addaccounttopolicies.md,docs/privilegesecure/4.1/administration/users-and-groups/permissions.md
docs/privilegesecure/4.1/privilegesecure/accessmanagement/admin/policy/window/usersgroups/addactivitiesandgroups.md,docs/privilegesecure/4.1/administration/users-and-groups/permissions.md
docs/privilegesecure/4.1/privilegesecure/accessmanagement/admin/policy/window/usersgroups/addadministrators.md,docs/privilegesecure/4.1/administration/users-and-groups/role-management.md
docs/privilegesecure/4.1/privilegesecure/accessmanagement/admin/policy/window/usersgroups/addpolicies.md,docs/privilegesecure/4.1/administration/users-and-groups/permissions.md
docs/privilegesecure/4.1/privilegesecure/accessmanagement/admin/policy/window/usersgroups/addresourcesandgroups.md,docs/privilegesecure/4.1/administration/users-and-groups/permissions.md
docs/privilegesecure/4.1/privilegesecure/accessmanagement/admin/policy/window/usersgroups/addreviewers.md,docs/privilegesecure/4.1/administration/users-and-groups/role-management.md
docs/privilegesecure/4.1/privilegesecure/accessmanagement/admin/policy/window/usersgroups/addroleusers.md,docs/privilegesecure/4.1/administration/users-and-groups/role-management.md
docs/privilegesecure/4.1/privilegesecure/accessmanagement/admin/policy/window/usersgroups/addusersandgroups.md,docs/privilegesecure/4.1/administration/users-and-groups/group-management.md
docs/privilegesecure/4.1/privilegesecure/accessmanagement/admin/policy/window/usersgroups/resetmfa.md,docs/privilegesecure/4.1/administration/users-and-groups/multi-factor-authentication.md
docs/privilegesecure/4.1/privilegesecure/accessmanagement/enduser/overview.md,docs/privilegesecure/4.1/user-guide/index.md
docs/privilegesecure/4.1/privilegesecure/accessmanagement/enduser/navigation.md,docs/privilegesecure/4.1/user-guide/navigation.md
docs/privilegesecure/4.1/privilegesecure/accessmanagement/enduser/producttour.md,docs/privilegesecure/4.1/user-guide/product-tour.md
docs/privilegesecure/4.1/privilegesecure/accessmanagement/enduser/sessiontimeout.md,docs/privilegesecure/4.1/user-guide/session-timeout.md
docs/privilegesecure/4.1/privilegesecure/accessmanagement/enduser/access/createsession.md,docs/privilegesecure/4.1/user-guide/accessing-resources/create-session.md
docs/privilegesecure/4.1/privilegesecure/accessmanagement/enduser/access/myactivities.md,docs/privilegesecure/4.1/user-guide/accessing-resources/my-activities.md
docs/privilegesecure/4.1/privilegesecure/accessmanagement/enduser/browserextension/browserextension.md,docs/privilegesecure/4.1/user-guide/browser-extension/index.md
docs/privilegesecure/4.1/privilegesecure/accessmanagement/enduser/browserextension/endwebsession.md,docs/privilegesecure/4.1/user-guide/browser-extension/ending-sessions.md
docs/privilegesecure/4.1/privilegesecure/accessmanagement/enduser/browserextension/interface.md,docs/privilegesecure/4.1/user-guide/browser-extension/installation.md
docs/privilegesecure/4.1/privilegesecure/accessmanagement/enduser/browserextension/startwebsession.md,docs/privilegesecure/4.1/user-guide/browser-extension/web-sessions.md
docs/privilegesecure/4.1/privilegesecure/accessmanagement/enduser/configure/rdcmanager.md,docs/privilegesecure/4.1/user-guide/rdp-connection-manager.md
docs/privilegesecure/4.1/privilegesecure/accessmanagement/enduser/dashboard/active.md,docs/privilegesecure/4.1/user-guide/dashboard/active-sessions.md
docs/privilegesecure/4.1/privilegesecure/accessmanagement/enduser/dashboard/approvals.md,docs/privilegesecure/4.1/user-guide/dashboard/approvals.md
docs/privilegesecure/4.1/privilegesecure/accessmanagement/enduser/dashboard/createsession.md,docs/privilegesecure/4.1/user-guide/accessing-resources/create-session.md
docs/privilegesecure/4.1/privilegesecure/accessmanagement/enduser/dashboard/historical.md,docs/privilegesecure/4.1/user-guide/dashboard/historical-sessions.md
docs/privilegesecure/4.1/privilegesecure/accessmanagement/enduser/dashboard/overview.md,docs/privilegesecure/4.1/user-guide/dashboard/overview.md
docs/privilegesecure/4.1/privilegesecure/accessmanagement/enduser/dashboard/scheduled.md,docs/privilegesecure/4.1/user-guide/dashboard/scheduled-sessions.md
docs/privilegesecure/4.1/privilegesecure/accessmanagement/enduser/dashboard/startsession.md,docs/privilegesecure/4.1/user-guide/accessing-resources/start-session.md
docs/privilegesecure/4.1/privilegesecure/accessmanagement/enduser/dashboard/window/sessionlogs.md,docs/privilegesecure/4.1/user-guide/accessing-resources/session-logs.md
docs/privilegesecure/4.1/privilegesecure/accessmanagement/revieweruser/overview.md,docs/privilegesecure/4.1/reviewer-guide/index.md
docs/privilegesecure/4.1/privilegesecure/accessmanagement/revieweruser/navigation.md,docs/privilegesecure/4.1/reviewer-guide/navigation.md
docs/privilegesecure/4.1/privilegesecure/accessmanagement/revieweruser/producttour.md,docs/privilegesecure/4.1/reviewer-guide/product-tour.md
docs/privilegesecure/4.1/privilegesecure/accessmanagement/revieweruser/sessiontimeout.md,docs/privilegesecure/4.1/reviewer-guide/session-timeout.md
docs/privilegesecure/4.1/privilegesecure/accessmanagement/revieweruser/access/createsession.md,docs/privilegesecure/4.1/reviewer-guide/accessing-resources/create-session.md
docs/privilegesecure/4.1/privilegesecure/accessmanagement/revieweruser/access/myactivities.md,docs/privilegesecure/4.1/reviewer-guide/accessing-resources/my-activities.md
docs/privilegesecure/4.1/privilegesecure/accessmanagement/revieweruser/auditreporting/auditandreportingpage.md,docs/privilegesecure/4.1/reviewer-guide/audit-and-reporting/index.md
docs/privilegesecure/4.1/privilegesecure/accessmanagement/revieweruser/auditreporting/entitlement.md,docs/privilegesecure/4.1/reviewer-guide/audit-and-reporting/entitlements.md
docs/privilegesecure/4.1/privilegesecure/accessmanagement/revieweruser/dashboard/active.md,docs/privilegesecure/4.1/reviewer-guide/dashboard/active-sessions.md
docs/privilegesecure/4.1/privilegesecure/accessmanagement/revieweruser/dashboard/approvals.md,docs/privilegesecure/4.1/reviewer-guide/dashboard/approvals.md
docs/privilegesecure/4.1/privilegesecure/accessmanagement/revieweruser/dashboard/createsession.md,docs/privilegesecure/4.1/reviewer-guide/accessing-resources/create-session.md
docs/privilegesecure/4.1/privilegesecure/accessmanagement/revieweruser/dashboard/historical.md,docs/privilegesecure/4.1/reviewer-guide/dashboard/historical-sessions.md
docs/privilegesecure/4.1/privilegesecure/accessmanagement/revieweruser/dashboard/overview.md,docs/privilegesecure/4.1/reviewer-guide/dashboard/overview.md
docs/privilegesecure/4.1/privilegesecure/accessmanagement/revieweruser/dashboard/scheduled.md,docs/privilegesecure/4.1/reviewer-guide/dashboard/scheduled-sessions.md
docs/privilegesecure/4.1/privilegesecure/accessmanagement/revieweruser/dashboard/startsession.md,docs/privilegesecure/4.1/reviewer-guide/accessing-resources/start-session.md
docs/privilegesecure/4.1/privilegesecure/accessmanagement/revieweruser/dashboard/window/sessionlogs.md,docs/privilegesecure/4.1/reviewer-guide/accessing-resources/session-logs.md
docs/privilegesecure/4.1/privilegesecure/accessmanagement/install/overview.md,docs/privilegesecure/4.1/installation/index.md
docs/privilegesecure/4.1/privilegesecure/accessmanagement/install/components.md,docs/privilegesecure/4.1/installation/components/index.md
docs/privilegesecure/4.1/privilegesecure/accessmanagement/install/firstlaunch.md,docs/privilegesecure/4.1/installation/setup/first-launch.md
docs/privilegesecure/4.1/privilegesecure/accessmanagement/install/setuplauncher.md,docs/privilegesecure/4.1/installation/setup/setup-launcher.md
docs/privilegesecure/4.1/privilegesecure/accessmanagement/install/silent.md,docs/privilegesecure/4.1/installation/setup/silent-installation.md
docs/privilegesecure/4.1/privilegesecure/accessmanagement/install/upgrade.md,docs/privilegesecure/4.1/installation/setup/upgrade.md
docs/privilegesecure/4.1/privilegesecure/accessmanagement/install/actionservice.md,docs/privilegesecure/4.1/installation/components/action-service.md
docs/privilegesecure/4.1/privilegesecure/accessmanagement/install/proxyservice.md,docs/privilegesecure/4.1/installation/components/proxy-service.md
docs/privilegesecure/4.1/privilegesecure/accessmanagement/install/rdpmonitor.md,docs/privilegesecure/4.1/installation/components/rdp-monitor.md
docs/privilegesecure/4.1/privilegesecure/accessmanagement/install/schedulerservice.md,docs/privilegesecure/4.1/installation/components/scheduler-service.md
docs/privilegesecure/4.1/privilegesecure/accessmanagement/requirements/overview.md,docs/privilegesecure/4.1/installation/requirements/index.md
docs/privilegesecure/4.1/privilegesecure/accessmanagement/requirements/applicationserver.md,docs/privilegesecure/4.1/installation/requirements/application-server.md
docs/privilegesecure/4.1/privilegesecure/accessmanagement/requirements/proxyserver.md,docs/privilegesecure/4.1/installation/requirements/proxy-server.md
docs/privilegesecure/4.1/privilegesecure/accessmanagement/requirements/client.md,docs/privilegesecure/4.1/installation/requirements/client-requirements.md
docs/privilegesecure/4.1/privilegesecure/accessmanagement/requirements/target.md,docs/privilegesecure/4.1/installation/requirements/target-systems.md
docs/privilegesecure/4.1/privilegesecure/accessmanagement/requirements/ports.md,docs/privilegesecure/4.1/installation/requirements/ports.md
docs/privilegesecure/4.1/privilegesecure/accessmanagement/requirements/awskey.md,docs/privilegesecure/4.1/installation/requirements/aws-key-management.md
docs/privilegesecure/4.1/privilegesecure/accessmanagement/requirements/awskeyrotation.md,docs/privilegesecure/4.1/installation/requirements/aws-key-rotation.md
docs/privilegesecure/4.1/privilegesecure/accessmanagement/virtualappliance/overview.md,docs/privilegesecure/4.1/installation/virtual-appliance/index.md
docs/privilegesecure/4.1/privilegesecure/accessmanagement/virtualappliance/requirments.md,docs/privilegesecure/4.1/installation/virtual-appliance/requirements.md
docs/privilegesecure/4.1/privilegesecure/accessmanagement/virtualappliance/deployment.md,docs/privilegesecure/4.1/installation/virtual-appliance/deployment.md
docs/privilegesecure/4.1/privilegesecure/accessmanagement/virtualappliance/deployvmware.md,docs/privilegesecure/4.1/installation/virtual-appliance/vmware-deployment.md
docs/privilegesecure/4.1/privilegesecure/accessmanagement/virtualappliance/deployaws.md,docs/privilegesecure/4.1/installation/virtual-appliance/aws-deployment.md
docs/privilegesecure/4.1/privilegesecure/accessmanagement/virtualappliance/deployamazonmarketplace.md,docs/privilegesecure/4.1/installation/virtual-appliance/aws-marketplace-deployment.md
docs/privilegesecure/4.1/privilegesecure/accessmanagement/virtualappliance/configureazuremarketplace.md,docs/privilegesecure/4.1/installation/virtual-appliance/azure-marketplace-deployment.md
docs/privilegesecure/4.1/privilegesecure/accessmanagement/virtualappliance/configureaws.md,docs/privilegesecure/4.1/installation/virtual-appliance/aws-configuration.md
docs/privilegesecure/4.1/privilegesecure/accessmanagement/virtualappliance/configuration.md,docs/privilegesecure/4.1/installation/virtual-appliance/general-configuration.md
docs/privilegesecure/4.1/privilegesecure/accessmanagement/virtualappliance/ports.md,docs/privilegesecure/4.1/installation/virtual-appliance/ports.md
docs/privilegesecure/4.1/privilegesecure/accessmanagement/virtualappliance/securitybestpractices.md,docs/privilegesecure/4.1/installation/virtual-appliance/security-best-practices.md
